[16:53:35] === WINDOW A START Wed  9 Sep 16:53:35 +0530 2026 ===
[16:53:35] free: Mem:            15Gi       9.1Gi       1.5Gi        69Mi       4.5Gi       6.3Gi
[16:53:35] stopped llama servers
[16:53:37] VRAM free: 750919680 B
[16:53:37] BENCH F0: model=Qwen3.8-27B-GSQ-RCO-IQ3_XXS-mtp.gguf args=-t 12 -b 1024 -ub 512 -ctk q5_0 -ctv q5_0
[F0] WARNING: radv is not a conformant Vulkan implementation, testing use only.
[F0] ggml_vulkan: Found 1 Vulkan devices:
[F0] ggml_vulkan: 0 = AMD Radeon RX 9060 XT (RADV GFX1200) (radv) | uma: 0 | fp16: dot2 | bf16: 1 | fp4: 0 | warp size: 64 | shared memory: 65536 | int dot: 1 | matrix cores: KHR_coopmat
[F0] error: invalid range format
[F0] error: invalid parameter for argument: -ngl
[F0] usage: bench [options]
[F0] 
[F0] options:
[F0]   -h, --help
[F0]   --numa <distribute|isolate|numactl>         numa mode (default: disabled)
[F0]   -r, --repetitions <n>                       number of times to repeat each test (default: 5)
[F0]   --prio <-1|0|1|2|3>                         process/thread priority (default: 0)
[F0]   --delay <0...N> (seconds)                   delay between each test (default: 0)
[F0]   -o, --output <csv|json|jsonl|md|sql>        output format printed to stdout (default: md)
[F0]   -oe, --output-err <csv|json|jsonl|md|sql>   output format printed to stderr (default: none)
[F0]   --list-devices                              list available devices and exit
[F0]   -v, --verbose                               verbose output
[F0]   --progress                                  print test progress indicators
[F0]   --no-warmup                                 skip warmup runs before benchmarking
[F0]   -fitt, --fit-target <MiB>                   fit model to device memory with this margin per device in MiB (default: off)
[F0]   -fitc, --fit-ctx <n>                        minimum ctx size for --fit-target (default: 4096)
[F0] 
[F0] test parameters:
[F0]   -m, --model <filename>                            (default: models/7B/ggml-model-q4_0.gguf)
[F0]   -hf, -hfr, --hf-repo <user>/<model>[:quant]       Hugging Face model repository; quant is optional, case-insensitive
[F0]                                                     default to Q4_K_M, or falls back to the first file in the repo if Q4_K_M doesn't exist.
[F0]                                                     example: ggml-org/GLM-4.7-Flash-GGUF:Q4_K_M
[F0]                                                     (default: unused)
[F0]   -hff, --hf-file <file>                            Hugging Face model file. If specified, it will override the quant in --hf-repo
[F0]                                                     (default: unused)
[F0]   -hft, --hf-token <token>                          Hugging Face access token
[F0]                                                     (default: value from HF_TOKEN environment variable)
[F0]   --offline                                         Offline mode: forces use of cache, prevents network access
[F0]                                                     (default: disabled)
[F0]   -p, --n-prompt <n>                                (default: 512)
[F0]   -n, --n-gen <n>                                   (default: 128)
[F0]   -pg <pp,tg>                                       (default: )
[F0]   -d, --n-depth <n>                                 (default: 0)
[F0]   -b, --batch-size <n>                              (default: 2048)
[F0]   -ub, --ubatch-size <n>                            (default: 512)
[F0]   -ctk, --cache-type-k <t>                          (default: f16)
[F0]   -ctv, --cache-type-v <t>                          (default: f16)
[F0]   -t, --threads <n>                                 (default: 6)
[F0]   -C, --cpu-mask <hex,hex>                          (default: 0x0)
[F0]   --cpu-strict <0|1>                                (default: 0)
[F0]   --poll <0...100>                                  (default: 50)
[F0]   -ngl, --n-gpu-layers <n>                          (default: -1)
[F0]   -ncmoe, --n-cpu-moe <n>                           (default: 0)
[F0]   -sm, --split-mode <none|layer|row|tensor>         (default: layer)
[F0]   -mg, --main-gpu <i>                               (default: 0)
[F0]   -nkvo, --no-kv-offload <0|1>                      (default: 0)
[F0]   -fa, --flash-attn <on|off|auto>                   (default: auto)
[F0]   -dev, --device <dev0/dev1/...>                    (default: auto)
[F0]   -lm, --load-mode <auto|none|mmap|mlock|mmap+mlock|dio> (default: auto)
[F0]   --tensor-read-lazy <on|auto|off>                  (default: auto)
[F0]   -mmp, --mmap <0|1>                                (DEPRECATED IN FAVOUR OF --load-mode)
[F0]   -dio, --direct-io <0|1>                           (DEPRECATED IN FAVOUR OF --load-mode)
[F0]   -embd, --embeddings <0|1>                         (default: 0)
[F0]   -ts, --tensor-split <ts0/ts1/..>                  (default: 0)
[F0]   -ot --override-tensor <tensor name pattern>=<buffer type>;...
[F0]                                                     (default: disabled)
[F0]   -nopo, --no-op-offload <0|1>                      (default: 0)
[F0]   --no-host <0|1>                                   (default: 0)
[F0] 
[F0] Multiple values can be given for each parameter by separating them with ','
[F0] or by specifying the parameter multiple times. Ranges can be given as
[F0] 'first-last' or 'first-last+step' or 'first-last*mult'.
[F0] WARNING: radv is not a conformant Vulkan implementation, testing use only.
[F0] ggml_vulkan: Found 1 Vulkan devices:
[F0] ggml_vulkan: 0 = AMD Radeon RX 9060 XT (RADV GFX1200) (radv) | uma: 0 | fp16: dot2 | bf16: 1 | fp4: 0 | warp size: 64 | shared memory: 65536 | int dot: 1 | matrix cores: KHR_coopmat
[F0] error: invalid range format
[F0] error: invalid parameter for argument: -ngl
[F0] usage: bench [options]
[F0] 
[F0] options:
[F0]   -h, --help
[F0]   --numa <distribute|isolate|numactl>         numa mode (default: disabled)
[F0]   -r, --repetitions <n>                       number of times to repeat each test (default: 5)
[F0]   --prio <-1|0|1|2|3>                         process/thread priority (default: 0)
[F0]   --delay <0...N> (seconds)                   delay between each test (default: 0)
[F0]   -o, --output <csv|json|jsonl|md|sql>        output format printed to stdout (default: md)
[F0]   -oe, --output-err <csv|json|jsonl|md|sql>   output format printed to stderr (default: none)
[F0]   --list-devices                              list available devices and exit
[F0]   -v, --verbose                               verbose output
[F0]   --progress                                  print test progress indicators
[F0]   --no-warmup                                 skip warmup runs before benchmarking
[F0]   -fitt, --fit-target <MiB>                   fit model to device memory with this margin per device in MiB (default: off)
[F0]   -fitc, --fit-ctx <n>                        minimum ctx size for --fit-target (default: 4096)
[F0] 
[F0] test parameters:
[F0]   -m, --model <filename>                            (default: models/7B/ggml-model-q4_0.gguf)
[F0]   -hf, -hfr, --hf-repo <user>/<model>[:quant]       Hugging Face model repository; quant is optional, case-insensitive
[F0]                                                     default to Q4_K_M, or falls back to the first file in the repo if Q4_K_M doesn't exist.
[F0]                                                     example: ggml-org/GLM-4.7-Flash-GGUF:Q4_K_M
[F0]                                                     (default: unused)
[F0]   -hff, --hf-file <file>                            Hugging Face model file. If specified, it will override the quant in --hf-repo
[F0]                                                     (default: unused)
[F0]   -hft, --hf-token <token>                          Hugging Face access token
[F0]                                                     (default: value from HF_TOKEN environment variable)
[F0]   --offline                                         Offline mode: forces use of cache, prevents network access
[F0]                                                     (default: disabled)
[F0]   -p, --n-prompt <n>                                (default: 512)
[F0]   -n, --n-gen <n>                                   (default: 128)
[F0]   -pg <pp,tg>                                       (default: )
[F0]   -d, --n-depth <n>                                 (default: 0)
[F0]   -b, --batch-size <n>                              (default: 2048)
[F0]   -ub, --ubatch-size <n>                            (default: 512)
[F0]   -ctk, --cache-type-k <t>                          (default: f16)
[F0]   -ctv, --cache-type-v <t>                          (default: f16)
[F0]   -t, --threads <n>                                 (default: 6)
[F0]   -C, --cpu-mask <hex,hex>                          (default: 0x0)
[F0]   --cpu-strict <0|1>                                (default: 0)
[F0]   --poll <0...100>                                  (default: 50)
[F0]   -ngl, --n-gpu-layers <n>                          (default: -1)
[F0]   -ncmoe, --n-cpu-moe <n>                           (default: 0)
[F0]   -sm, --split-mode <none|layer|row|tensor>         (default: layer)
[F0]   -mg, --main-gpu <i>                               (default: 0)
[F0]   -nkvo, --no-kv-offload <0|1>                      (default: 0)
[F0]   -fa, --flash-attn <on|off|auto>                   (default: auto)
[F0]   -dev, --device <dev0/dev1/...>                    (default: auto)
[F0]   -lm, --load-mode <auto|none|mmap|mlock|mmap+mlock|dio> (default: auto)
[F0]   --tensor-read-lazy <on|auto|off>                  (default: auto)
[F0]   -mmp, --mmap <0|1>                                (DEPRECATED IN FAVOUR OF --load-mode)
[F0]   -dio, --direct-io <0|1>                           (DEPRECATED IN FAVOUR OF --load-mode)
[F0]   -embd, --embeddings <0|1>                         (default: 0)
[F0]   -ts, --tensor-split <ts0/ts1/..>                  (default: 0)
[F0]   -ot --override-tensor <tensor name pattern>=<buffer type>;...
[F0]                                                     (default: disabled)
[F0]   -nopo, --no-op-offload <0|1>                      (default: 0)
[F0]   --no-host <0|1>                                   (default: 0)
[F0] 
[F0] Multiple values can be given for each parameter by separating them with ','
[F0] or by specifying the parameter multiple times. Ranges can be given as
[F0] 'first-last' or 'first-last+step' or 'first-last*mult'.
[F0] WARNING: radv is not a conformant Vulkan implementation, testing use only.
[F0] ggml_vulkan: Found 1 Vulkan devices:
[F0] ggml_vulkan: 0 = AMD Radeon RX 9060 XT (RADV GFX1200) (radv) | uma: 0 | fp16: dot2 | bf16: 1 | fp4: 0 | warp size: 64 | shared memory: 65536 | int dot: 1 | matrix cores: KHR_coopmat
[F0] error: invalid range format
[F0] error: invalid parameter for argument: -ngl
[F0] usage: bench [options]
[F0] 
[F0] options:
[F0]   -h, --help
[F0]   --numa <distribute|isolate|numactl>         numa mode (default: disabled)
[F0]   -r, --repetitions <n>                       number of times to repeat each test (default: 5)
[F0]   --prio <-1|0|1|2|3>                         process/thread priority (default: 0)
[F0]   --delay <0...N> (seconds)                   delay between each test (default: 0)
[F0]   -o, --output <csv|json|jsonl|md|sql>        output format printed to stdout (default: md)
[F0]   -oe, --output-err <csv|json|jsonl|md|sql>   output format printed to stderr (default: none)
[F0]   --list-devices                              list available devices and exit
[F0]   -v, --verbose                               verbose output
[F0]   --progress                                  print test progress indicators
[F0]   --no-warmup                                 skip warmup runs before benchmarking
[F0]   -fitt, --fit-target <MiB>                   fit model to device memory with this margin per device in MiB (default: off)
[F0]   -fitc, --fit-ctx <n>                        minimum ctx size for --fit-target (default: 4096)
[F0] 
[F0] test parameters:
[F0]   -m, --model <filename>                            (default: models/7B/ggml-model-q4_0.gguf)
[F0]   -hf, -hfr, --hf-repo <user>/<model>[:quant]       Hugging Face model repository; quant is optional, case-insensitive
[F0]                                                     default to Q4_K_M, or falls back to the first file in the repo if Q4_K_M doesn't exist.
[F0]                                                     example: ggml-org/GLM-4.7-Flash-GGUF:Q4_K_M
[F0]                                                     (default: unused)
[F0]   -hff, --hf-file <file>                            Hugging Face model file. If specified, it will override the quant in --hf-repo
[F0]                                                     (default: unused)
[F0]   -hft, --hf-token <token>                          Hugging Face access token
[F0]                                                     (default: value from HF_TOKEN environment variable)
[F0]   --offline                                         Offline mode: forces use of cache, prevents network access
[F0]                                                     (default: disabled)
[F0]   -p, --n-prompt <n>                                (default: 512)
[F0]   -n, --n-gen <n>                                   (default: 128)
[F0]   -pg <pp,tg>                                       (default: )
[F0]   -d, --n-depth <n>                                 (default: 0)
[F0]   -b, --batch-size <n>                              (default: 2048)
[F0]   -ub, --ubatch-size <n>                            (default: 512)
[F0]   -ctk, --cache-type-k <t>                          (default: f16)
[F0]   -ctv, --cache-type-v <t>                          (default: f16)
[F0]   -t, --threads <n>                                 (default: 6)
[F0]   -C, --cpu-mask <hex,hex>                          (default: 0x0)
[F0]   --cpu-strict <0|1>                                (default: 0)
[F0]   --poll <0...100>                                  (default: 50)
[F0]   -ngl, --n-gpu-layers <n>                          (default: -1)
[F0]   -ncmoe, --n-cpu-moe <n>                           (default: 0)
[F0]   -sm, --split-mode <none|layer|row|tensor>         (default: layer)
[F0]   -mg, --main-gpu <i>                               (default: 0)
[F0]   -nkvo, --no-kv-offload <0|1>                      (default: 0)
[F0]   -fa, --flash-attn <on|off|auto>                   (default: auto)
[F0]   -dev, --device <dev0/dev1/...>                    (default: auto)
[F0]   -lm, --load-mode <auto|none|mmap|mlock|mmap+mlock|dio> (default: auto)
[F0]   --tensor-read-lazy <on|auto|off>                  (default: auto)
[F0]   -mmp, --mmap <0|1>                                (DEPRECATED IN FAVOUR OF --load-mode)
[F0]   -dio, --direct-io <0|1>                           (DEPRECATED IN FAVOUR OF --load-mode)
[F0]   -embd, --embeddings <0|1>                         (default: 0)
[F0]   -ts, --tensor-split <ts0/ts1/..>                  (default: 0)
[F0]   -ot --override-tensor <tensor name pattern>=<buffer type>;...
[F0]                                                     (default: disabled)
[F0]   -nopo, --no-op-offload <0|1>                      (default: 0)
[F0]   --no-host <0|1>                                   (default: 0)
[F0] 
[F0] Multiple values can be given for each parameter by separating them with ','
[F0] or by specifying the parameter multiple times. Ranges can be given as
[F0] 'first-last' or 'first-last+step' or 'first-last*mult'.
[F0] WARNING: radv is not a conformant Vulkan implementation, testing use only.
[F0] ggml_vulkan: Found 1 Vulkan devices:
[F0] ggml_vulkan: 0 = AMD Radeon RX 9060 XT (RADV GFX1200) (radv) | uma: 0 | fp16: dot2 | bf16: 1 | fp4: 0 | warp size: 64 | shared memory: 65536 | int dot: 1 | matrix cores: KHR_coopmat
[F0] error: invalid range format
[F0] error: invalid parameter for argument: -ngl
[F0] usage: bench [options]
[F0] 
[F0] options:
[F0]   -h, --help
[F0]   --numa <distribute|isolate|numactl>         numa mode (default: disabled)
[F0]   -r, --repetitions <n>                       number of times to repeat each test (default: 5)
[F0]   --prio <-1|0|1|2|3>                         process/thread priority (default: 0)
[F0]   --delay <0...N> (seconds)                   delay between each test (default: 0)
[F0]   -o, --output <csv|json|jsonl|md|sql>        output format printed to stdout (default: md)
[F0]   -oe, --output-err <csv|json|jsonl|md|sql>   output format printed to stderr (default: none)
[F0]   --list-devices                              list available devices and exit
[F0]   -v, --verbose                               verbose output
[F0]   --progress                                  print test progress indicators
[F0]   --no-warmup                                 skip warmup runs before benchmarking
[F0]   -fitt, --fit-target <MiB>                   fit model to device memory with this margin per device in MiB (default: off)
[F0]   -fitc, --fit-ctx <n>                        minimum ctx size for --fit-target (default: 4096)
[F0] 
[F0] test parameters:
[F0]   -m, --model <filename>                            (default: models/7B/ggml-model-q4_0.gguf)
[F0]   -hf, -hfr, --hf-repo <user>/<model>[:quant]       Hugging Face model repository; quant is optional, case-insensitive
[F0]                                                     default to Q4_K_M, or falls back to the first file in the repo if Q4_K_M doesn't exist.
[F0]                                                     example: ggml-org/GLM-4.7-Flash-GGUF:Q4_K_M
[F0]                                                     (default: unused)
[F0]   -hff, --hf-file <file>                            Hugging Face model file. If specified, it will override the quant in --hf-repo
[F0]                                                     (default: unused)
[F0]   -hft, --hf-token <token>                          Hugging Face access token
[F0]                                                     (default: value from HF_TOKEN environment variable)
[F0]   --offline                                         Offline mode: forces use of cache, prevents network access
[F0]                                                     (default: disabled)
[F0]   -p, --n-prompt <n>                                (default: 512)
[F0]   -n, --n-gen <n>                                   (default: 128)
[F0]   -pg <pp,tg>                                       (default: )
[F0]   -d, --n-depth <n>                                 (default: 0)
[F0]   -b, --batch-size <n>                              (default: 2048)
[F0]   -ub, --ubatch-size <n>                            (default: 512)
[F0]   -ctk, --cache-type-k <t>                          (default: f16)
[F0]   -ctv, --cache-type-v <t>                          (default: f16)
[F0]   -t, --threads <n>                                 (default: 6)
[F0]   -C, --cpu-mask <hex,hex>                          (default: 0x0)
[F0]   --cpu-strict <0|1>                                (default: 0)
[F0]   --poll <0...100>                                  (default: 50)
[F0]   -ngl, --n-gpu-layers <n>                          (default: -1)
[F0]   -ncmoe, --n-cpu-moe <n>                           (default: 0)
[F0]   -sm, --split-mode <none|layer|row|tensor>         (default: layer)
[F0]   -mg, --main-gpu <i>                               (default: 0)
[F0]   -nkvo, --no-kv-offload <0|1>                      (default: 0)
[F0]   -fa, --flash-attn <on|off|auto>                   (default: auto)
[F0]   -dev, --device <dev0/dev1/...>                    (default: auto)
[F0]   -lm, --load-mode <auto|none|mmap|mlock|mmap+mlock|dio> (default: auto)
[F0]   --tensor-read-lazy <on|auto|off>                  (default: auto)
[F0]   -mmp, --mmap <0|1>                                (DEPRECATED IN FAVOUR OF --load-mode)
[F0]   -dio, --direct-io <0|1>                           (DEPRECATED IN FAVOUR OF --load-mode)
[F0]   -embd, --embeddings <0|1>                         (default: 0)
[F0]   -ts, --tensor-split <ts0/ts1/..>                  (default: 0)
[F0]   -ot --override-tensor <tensor name pattern>=<buffer type>;...
[F0]                                                     (default: disabled)
[F0]   -nopo, --no-op-offload <0|1>                      (default: 0)
[F0]   --no-host <0|1>                                   (default: 0)
[F0] 
[F0] Multiple values can be given for each parameter by separating them with ','
[F0] or by specifying the parameter multiple times. Ranges can be given as
[F0] 'first-last' or 'first-last+step' or 'first-last*mult'.
[16:53:37] BENCH F-t6: model=Qwen3.8-27B-GSQ-RCO-IQ3_XXS-mtp.gguf args=-t 6 -b 1024 -ub 512 -ctk q5_0 -ctv q5_0
[F-t6] WARNING: radv is not a conformant Vulkan implementation, testing use only.
[F-t6] ggml_vulkan: Found 1 Vulkan devices:
[F-t6] ggml_vulkan: 0 = AMD Radeon RX 9060 XT (RADV GFX1200) (radv) | uma: 0 | fp16: dot2 | bf16: 1 | fp4: 0 | warp size: 64 | shared memory: 65536 | int dot: 1 | matrix cores: KHR_coopmat
[F-t6] error: invalid range format
[F-t6] error: invalid parameter for argument: -ngl
[F-t6] usage: bench [options]
[F-t6] 
[F-t6] options:
[F-t6]   -h, --help
[F-t6]   --numa <distribute|isolate|numactl>         numa mode (default: disabled)
[F-t6]   -r, --repetitions <n>                       number of times to repeat each test (default: 5)
[F-t6]   --prio <-1|0|1|2|3>                         process/thread priority (default: 0)
[F-t6]   --delay <0...N> (seconds)                   delay between each test (default: 0)
[F-t6]   -o, --output <csv|json|jsonl|md|sql>        output format printed to stdout (default: md)
[F-t6]   -oe, --output-err <csv|json|jsonl|md|sql>   output format printed to stderr (default: none)
[F-t6]   --list-devices                              list available devices and exit
[F-t6]   -v, --verbose                               verbose output
[F-t6]   --progress                                  print test progress indicators
[F-t6]   --no-warmup                                 skip warmup runs before benchmarking
[F-t6]   -fitt, --fit-target <MiB>                   fit model to device memory with this margin per device in MiB (default: off)
[F-t6]   -fitc, --fit-ctx <n>                        minimum ctx size for --fit-target (default: 4096)
[F-t6] 
[F-t6] test parameters:
[F-t6]   -m, --model <filename>                            (default: models/7B/ggml-model-q4_0.gguf)
[F-t6]   -hf, -hfr, --hf-repo <user>/<model>[:quant]       Hugging Face model repository; quant is optional, case-insensitive
[F-t6]                                                     default to Q4_K_M, or falls back to the first file in the repo if Q4_K_M doesn't exist.
[F-t6]                                                     example: ggml-org/GLM-4.7-Flash-GGUF:Q4_K_M
[F-t6]                                                     (default: unused)
[F-t6]   -hff, --hf-file <file>                            Hugging Face model file. If specified, it will override the quant in --hf-repo
[F-t6]                                                     (default: unused)
[F-t6]   -hft, --hf-token <token>                          Hugging Face access token
[F-t6]                                                     (default: value from HF_TOKEN environment variable)
[F-t6]   --offline                                         Offline mode: forces use of cache, prevents network access
[F-t6]                                                     (default: disabled)
[F-t6]   -p, --n-prompt <n>                                (default: 512)
[F-t6]   -n, --n-gen <n>                                   (default: 128)
[F-t6]   -pg <pp,tg>                                       (default: )
[F-t6]   -d, --n-depth <n>                                 (default: 0)
[F-t6]   -b, --batch-size <n>                              (default: 2048)
[F-t6]   -ub, --ubatch-size <n>                            (default: 512)
[F-t6]   -ctk, --cache-type-k <t>                          (default: f16)
[F-t6]   -ctv, --cache-type-v <t>                          (default: f16)
[F-t6]   -t, --threads <n>                                 (default: 6)
[F-t6]   -C, --cpu-mask <hex,hex>                          (default: 0x0)
[F-t6]   --cpu-strict <0|1>                                (default: 0)
[F-t6]   --poll <0...100>                                  (default: 50)
[F-t6]   -ngl, --n-gpu-layers <n>                          (default: -1)
[F-t6]   -ncmoe, --n-cpu-moe <n>                           (default: 0)
[F-t6]   -sm, --split-mode <none|layer|row|tensor>         (default: layer)
[F-t6]   -mg, --main-gpu <i>                               (default: 0)
[F-t6]   -nkvo, --no-kv-offload <0|1>                      (default: 0)
[F-t6]   -fa, --flash-attn <on|off|auto>                   (default: auto)
[F-t6]   -dev, --device <dev0/dev1/...>                    (default: auto)
[F-t6]   -lm, --load-mode <auto|none|mmap|mlock|mmap+mlock|dio> (default: auto)
[F-t6]   --tensor-read-lazy <on|auto|off>                  (default: auto)
[F-t6]   -mmp, --mmap <0|1>                                (DEPRECATED IN FAVOUR OF --load-mode)
[F-t6]   -dio, --direct-io <0|1>                           (DEPRECATED IN FAVOUR OF --load-mode)
[F-t6]   -embd, --embeddings <0|1>                         (default: 0)
[F-t6]   -ts, --tensor-split <ts0/ts1/..>                  (default: 0)
[F-t6]   -ot --override-tensor <tensor name pattern>=<buffer type>;...
[F-t6]                                                     (default: disabled)
[F-t6]   -nopo, --no-op-offload <0|1>                      (default: 0)
[F-t6]   --no-host <0|1>                                   (default: 0)
[F-t6] 
[F-t6] Multiple values can be given for each parameter by separating them with ','
[F-t6] or by specifying the parameter multiple times. Ranges can be given as
[F-t6] 'first-last' or 'first-last+step' or 'first-last*mult'.
[F-t6] WARNING: radv is not a conformant Vulkan implementation, testing use only.
[F-t6] ggml_vulkan: Found 1 Vulkan devices:
[F-t6] ggml_vulkan: 0 = AMD Radeon RX 9060 XT (RADV GFX1200) (radv) | uma: 0 | fp16: dot2 | bf16: 1 | fp4: 0 | warp size: 64 | shared memory: 65536 | int dot: 1 | matrix cores: KHR_coopmat
[F-t6] error: invalid range format
[F-t6] error: invalid parameter for argument: -ngl
[F-t6] usage: bench [options]
[F-t6] 
[F-t6] options:
[F-t6]   -h, --help
[F-t6]   --numa <distribute|isolate|numactl>         numa mode (default: disabled)
[F-t6]   -r, --repetitions <n>                       number of times to repeat each test (default: 5)
[F-t6]   --prio <-1|0|1|2|3>                         process/thread priority (default: 0)
[F-t6]   --delay <0...N> (seconds)                   delay between each test (default: 0)
[F-t6]   -o, --output <csv|json|jsonl|md|sql>        output format printed to stdout (default: md)
[F-t6]   -oe, --output-err <csv|json|jsonl|md|sql>   output format printed to stderr (default: none)
[F-t6]   --list-devices                              list available devices and exit
[F-t6]   -v, --verbose                               verbose output
[F-t6]   --progress                                  print test progress indicators
[F-t6]   --no-warmup                                 skip warmup runs before benchmarking
[F-t6]   -fitt, --fit-target <MiB>                   fit model to device memory with this margin per device in MiB (default: off)
[F-t6]   -fitc, --fit-ctx <n>                        minimum ctx size for --fit-target (default: 4096)
[F-t6] 
[F-t6] test parameters:
[F-t6]   -m, --model <filename>                            (default: models/7B/ggml-model-q4_0.gguf)
[F-t6]   -hf, -hfr, --hf-repo <user>/<model>[:quant]       Hugging Face model repository; quant is optional, case-insensitive
[F-t6]                                                     default to Q4_K_M, or falls back to the first file in the repo if Q4_K_M doesn't exist.
[F-t6]                                                     example: ggml-org/GLM-4.7-Flash-GGUF:Q4_K_M
[F-t6]                                                     (default: unused)
[F-t6]   -hff, --hf-file <file>                            Hugging Face model file. If specified, it will override the quant in --hf-repo
[F-t6]                                                     (default: unused)
[F-t6]   -hft, --hf-token <token>                          Hugging Face access token
[F-t6]                                                     (default: value from HF_TOKEN environment variable)
[F-t6]   --offline                                         Offline mode: forces use of cache, prevents network access
[F-t6]                                                     (default: disabled)
[F-t6]   -p, --n-prompt <n>                                (default: 512)
[F-t6]   -n, --n-gen <n>                                   (default: 128)
[F-t6]   -pg <pp,tg>                                       (default: )
[F-t6]   -d, --n-depth <n>                                 (default: 0)
[F-t6]   -b, --batch-size <n>                              (default: 2048)
[F-t6]   -ub, --ubatch-size <n>                            (default: 512)
[F-t6]   -ctk, --cache-type-k <t>                          (default: f16)
[F-t6]   -ctv, --cache-type-v <t>                          (default: f16)
[F-t6]   -t, --threads <n>                                 (default: 6)
[F-t6]   -C, --cpu-mask <hex,hex>                          (default: 0x0)
[F-t6]   --cpu-strict <0|1>                                (default: 0)
[F-t6]   --poll <0...100>                                  (default: 50)
[F-t6]   -ngl, --n-gpu-layers <n>                          (default: -1)
[F-t6]   -ncmoe, --n-cpu-moe <n>                           (default: 0)
[F-t6]   -sm, --split-mode <none|layer|row|tensor>         (default: layer)
[F-t6]   -mg, --main-gpu <i>                               (default: 0)
[F-t6]   -nkvo, --no-kv-offload <0|1>                      (default: 0)
[F-t6]   -fa, --flash-attn <on|off|auto>                   (default: auto)
[F-t6]   -dev, --device <dev0/dev1/...>                    (default: auto)
[F-t6]   -lm, --load-mode <auto|none|mmap|mlock|mmap+mlock|dio> (default: auto)
[F-t6]   --tensor-read-lazy <on|auto|off>                  (default: auto)
[F-t6]   -mmp, --mmap <0|1>                                (DEPRECATED IN FAVOUR OF --load-mode)
[F-t6]   -dio, --direct-io <0|1>                           (DEPRECATED IN FAVOUR OF --load-mode)
[F-t6]   -embd, --embeddings <0|1>                         (default: 0)
[F-t6]   -ts, --tensor-split <ts0/ts1/..>                  (default: 0)
[F-t6]   -ot --override-tensor <tensor name pattern>=<buffer type>;...
[F-t6]                                                     (default: disabled)
[F-t6]   -nopo, --no-op-offload <0|1>                      (default: 0)
[F-t6]   --no-host <0|1>                                   (default: 0)
[F-t6] 
[F-t6] Multiple values can be given for each parameter by separating them with ','
[F-t6] or by specifying the parameter multiple times. Ranges can be given as
[F-t6] 'first-last' or 'first-last+step' or 'first-last*mult'.
[F-t6] WARNING: radv is not a conformant Vulkan implementation, testing use only.
[F-t6] ggml_vulkan: Found 1 Vulkan devices:
[F-t6] ggml_vulkan: 0 = AMD Radeon RX 9060 XT (RADV GFX1200) (radv) | uma: 0 | fp16: dot2 | bf16: 1 | fp4: 0 | warp size: 64 | shared memory: 65536 | int dot: 1 | matrix cores: KHR_coopmat
[F-t6] error: invalid range format
[F-t6] error: invalid parameter for argument: -ngl
[F-t6] usage: bench [options]
[F-t6] 
[F-t6] options:
[F-t6]   -h, --help
[F-t6]   --numa <distribute|isolate|numactl>         numa mode (default: disabled)
[F-t6]   -r, --repetitions <n>                       number of times to repeat each test (default: 5)
[F-t6]   --prio <-1|0|1|2|3>                         process/thread priority (default: 0)
[F-t6]   --delay <0...N> (seconds)                   delay between each test (default: 0)
[F-t6]   -o, --output <csv|json|jsonl|md|sql>        output format printed to stdout (default: md)
[F-t6]   -oe, --output-err <csv|json|jsonl|md|sql>   output format printed to stderr (default: none)
[F-t6]   --list-devices                              list available devices and exit
[F-t6]   -v, --verbose                               verbose output
[F-t6]   --progress                                  print test progress indicators
[F-t6]   --no-warmup                                 skip warmup runs before benchmarking
[F-t6]   -fitt, --fit-target <MiB>                   fit model to device memory with this margin per device in MiB (default: off)
[F-t6]   -fitc, --fit-ctx <n>                        minimum ctx size for --fit-target (default: 4096)
[F-t6] 
[F-t6] test parameters:
[F-t6]   -m, --model <filename>                            (default: models/7B/ggml-model-q4_0.gguf)
[F-t6]   -hf, -hfr, --hf-repo <user>/<model>[:quant]       Hugging Face model repository; quant is optional, case-insensitive
[F-t6]                                                     default to Q4_K_M, or falls back to the first file in the repo if Q4_K_M doesn't exist.
[F-t6]                                                     example: ggml-org/GLM-4.7-Flash-GGUF:Q4_K_M
[F-t6]                                                     (default: unused)
[F-t6]   -hff, --hf-file <file>                            Hugging Face model file. If specified, it will override the quant in --hf-repo
[F-t6]                                                     (default: unused)
[F-t6]   -hft, --hf-token <token>                          Hugging Face access token
[F-t6]                                                     (default: value from HF_TOKEN environment variable)
[F-t6]   --offline                                         Offline mode: forces use of cache, prevents network access
[F-t6]                                                     (default: disabled)
[F-t6]   -p, --n-prompt <n>                                (default: 512)
[F-t6]   -n, --n-gen <n>                                   (default: 128)
[F-t6]   -pg <pp,tg>                                       (default: )
[F-t6]   -d, --n-depth <n>                                 (default: 0)
[F-t6]   -b, --batch-size <n>                              (default: 2048)
[F-t6]   -ub, --ubatch-size <n>                            (default: 512)
[F-t6]   -ctk, --cache-type-k <t>                          (default: f16)
[F-t6]   -ctv, --cache-type-v <t>                          (default: f16)
[F-t6]   -t, --threads <n>                                 (default: 6)
[F-t6]   -C, --cpu-mask <hex,hex>                          (default: 0x0)
[F-t6]   --cpu-strict <0|1>                                (default: 0)
[F-t6]   --poll <0...100>                                  (default: 50)
[F-t6]   -ngl, --n-gpu-layers <n>                          (default: -1)
[F-t6]   -ncmoe, --n-cpu-moe <n>                           (default: 0)
[F-t6]   -sm, --split-mode <none|layer|row|tensor>         (default: layer)
[F-t6]   -mg, --main-gpu <i>                               (default: 0)
[F-t6]   -nkvo, --no-kv-offload <0|1>                      (default: 0)
[F-t6]   -fa, --flash-attn <on|off|auto>                   (default: auto)
[F-t6]   -dev, --device <dev0/dev1/...>                    (default: auto)
[F-t6]   -lm, --load-mode <auto|none|mmap|mlock|mmap+mlock|dio> (default: auto)
[F-t6]   --tensor-read-lazy <on|auto|off>                  (default: auto)
[F-t6]   -mmp, --mmap <0|1>                                (DEPRECATED IN FAVOUR OF --load-mode)
[F-t6]   -dio, --direct-io <0|1>                           (DEPRECATED IN FAVOUR OF --load-mode)
[F-t6]   -embd, --embeddings <0|1>                         (default: 0)
[F-t6]   -ts, --tensor-split <ts0/ts1/..>                  (default: 0)
[F-t6]   -ot --override-tensor <tensor name pattern>=<buffer type>;...
[F-t6]                                                     (default: disabled)
[F-t6]   -nopo, --no-op-offload <0|1>                      (default: 0)
[F-t6]   --no-host <0|1>                                   (default: 0)
[F-t6] 
[F-t6] Multiple values can be given for each parameter by separating them with ','
[F-t6] or by specifying the parameter multiple times. Ranges can be given as
[F-t6] 'first-last' or 'first-last+step' or 'first-last*mult'.
[F-t6] WARNING: radv is not a conformant Vulkan implementation, testing use only.
[F-t6] ggml_vulkan: Found 1 Vulkan devices:
[F-t6] ggml_vulkan: 0 = AMD Radeon RX 9060 XT (RADV GFX1200) (radv) | uma: 0 | fp16: dot2 | bf16: 1 | fp4: 0 | warp size: 64 | shared memory: 65536 | int dot: 1 | matrix cores: KHR_coopmat
[F-t6] error: invalid range format
[F-t6] error: invalid parameter for argument: -ngl
[F-t6] usage: bench [options]
[F-t6] 
[F-t6] options:
[F-t6]   -h, --help
[F-t6]   --numa <distribute|isolate|numactl>         numa mode (default: disabled)
[F-t6]   -r, --repetitions <n>                       number of times to repeat each test (default: 5)
[F-t6]   --prio <-1|0|1|2|3>                         process/thread priority (default: 0)
[F-t6]   --delay <0...N> (seconds)                   delay between each test (default: 0)
[F-t6]   -o, --output <csv|json|jsonl|md|sql>        output format printed to stdout (default: md)
[F-t6]   -oe, --output-err <csv|json|jsonl|md|sql>   output format printed to stderr (default: none)
[F-t6]   --list-devices                              list available devices and exit
[F-t6]   -v, --verbose                               verbose output
[F-t6]   --progress                                  print test progress indicators
[F-t6]   --no-warmup                                 skip warmup runs before benchmarking
[F-t6]   -fitt, --fit-target <MiB>                   fit model to device memory with this margin per device in MiB (default: off)
[F-t6]   -fitc, --fit-ctx <n>                        minimum ctx size for --fit-target (default: 4096)
[F-t6] 
[F-t6] test parameters:
[F-t6]   -m, --model <filename>                            (default: models/7B/ggml-model-q4_0.gguf)
[F-t6]   -hf, -hfr, --hf-repo <user>/<model>[:quant]       Hugging Face model repository; quant is optional, case-insensitive
[F-t6]                                                     default to Q4_K_M, or falls back to the first file in the repo if Q4_K_M doesn't exist.
[F-t6]                                                     example: ggml-org/GLM-4.7-Flash-GGUF:Q4_K_M
[F-t6]                                                     (default: unused)
[F-t6]   -hff, --hf-file <file>                            Hugging Face model file. If specified, it will override the quant in --hf-repo
[F-t6]                                                     (default: unused)
[F-t6]   -hft, --hf-token <token>                          Hugging Face access token
[F-t6]                                                     (default: value from HF_TOKEN environment variable)
[F-t6]   --offline                                         Offline mode: forces use of cache, prevents network access
[F-t6]                                                     (default: disabled)
[F-t6]   -p, --n-prompt <n>                                (default: 512)
[F-t6]   -n, --n-gen <n>                                   (default: 128)
[F-t6]   -pg <pp,tg>                                       (default: )
[F-t6]   -d, --n-depth <n>                                 (default: 0)
[F-t6]   -b, --batch-size <n>                              (default: 2048)
[F-t6]   -ub, --ubatch-size <n>                            (default: 512)
[F-t6]   -ctk, --cache-type-k <t>                          (default: f16)
[F-t6]   -ctv, --cache-type-v <t>                          (default: f16)
[F-t6]   -t, --threads <n>                                 (default: 6)
[F-t6]   -C, --cpu-mask <hex,hex>                          (default: 0x0)
[F-t6]   --cpu-strict <0|1>                                (default: 0)
[F-t6]   --poll <0...100>                                  (default: 50)
[F-t6]   -ngl, --n-gpu-layers <n>                          (default: -1)
[F-t6]   -ncmoe, --n-cpu-moe <n>                           (default: 0)
[F-t6]   -sm, --split-mode <none|layer|row|tensor>         (default: layer)
[F-t6]   -mg, --main-gpu <i>                               (default: 0)
[F-t6]   -nkvo, --no-kv-offload <0|1>                      (default: 0)
[F-t6]   -fa, --flash-attn <on|off|auto>                   (default: auto)
[F-t6]   -dev, --device <dev0/dev1/...>                    (default: auto)
[F-t6]   -lm, --load-mode <auto|none|mmap|mlock|mmap+mlock|dio> (default: auto)
[F-t6]   --tensor-read-lazy <on|auto|off>                  (default: auto)
[F-t6]   -mmp, --mmap <0|1>                                (DEPRECATED IN FAVOUR OF --load-mode)
[F-t6]   -dio, --direct-io <0|1>                           (DEPRECATED IN FAVOUR OF --load-mode)
[F-t6]   -embd, --embeddings <0|1>                         (default: 0)
[F-t6]   -ts, --tensor-split <ts0/ts1/..>                  (default: 0)
[F-t6]   -ot --override-tensor <tensor name pattern>=<buffer type>;...
[F-t6]                                                     (default: disabled)
[F-t6]   -nopo, --no-op-offload <0|1>                      (default: 0)
[F-t6]   --no-host <0|1>                                   (default: 0)
[F-t6] 
[F-t6] Multiple values can be given for each parameter by separating them with ','
[F-t6] or by specifying the parameter multiple times. Ranges can be given as
[F-t6] 'first-last' or 'first-last+step' or 'first-last*mult'.
[16:53:37] BENCH F-b2: model=Qwen3.8-27B-GSQ-RCO-IQ3_XXS-mtp.gguf args=-t 12 -b 2048 -ub 1024 -ctk q5_0 -ctv q5_0
[F-b2] WARNING: radv is not a conformant Vulkan implementation, testing use only.
[F-b2] ggml_vulkan: Found 1 Vulkan devices:
[F-b2] ggml_vulkan: 0 = AMD Radeon RX 9060 XT (RADV GFX1200) (radv) | uma: 0 | fp16: dot2 | bf16: 1 | fp4: 0 | warp size: 64 | shared memory: 65536 | int dot: 1 | matrix cores: KHR_coopmat
[F-b2] error: invalid range format
[F-b2] error: invalid parameter for argument: -ngl
[F-b2] usage: bench [options]
[F-b2] 
[F-b2] options:
[F-b2]   -h, --help
[F-b2]   --numa <distribute|isolate|numactl>         numa mode (default: disabled)
[F-b2]   -r, --repetitions <n>                       number of times to repeat each test (default: 5)
[F-b2]   --prio <-1|0|1|2|3>                         process/thread priority (default: 0)
[F-b2]   --delay <0...N> (seconds)                   delay between each test (default: 0)
[F-b2]   -o, --output <csv|json|jsonl|md|sql>        output format printed to stdout (default: md)
[F-b2]   -oe, --output-err <csv|json|jsonl|md|sql>   output format printed to stderr (default: none)
[F-b2]   --list-devices                              list available devices and exit
[F-b2]   -v, --verbose                               verbose output
[F-b2]   --progress                                  print test progress indicators
[F-b2]   --no-warmup                                 skip warmup runs before benchmarking
[F-b2]   -fitt, --fit-target <MiB>                   fit model to device memory with this margin per device in MiB (default: off)
[F-b2]   -fitc, --fit-ctx <n>                        minimum ctx size for --fit-target (default: 4096)
[F-b2] 
[F-b2] test parameters:
[F-b2]   -m, --model <filename>                            (default: models/7B/ggml-model-q4_0.gguf)
[F-b2]   -hf, -hfr, --hf-repo <user>/<model>[:quant]       Hugging Face model repository; quant is optional, case-insensitive
[F-b2]                                                     default to Q4_K_M, or falls back to the first file in the repo if Q4_K_M doesn't exist.
[F-b2]                                                     example: ggml-org/GLM-4.7-Flash-GGUF:Q4_K_M
[F-b2]                                                     (default: unused)
[F-b2]   -hff, --hf-file <file>                            Hugging Face model file. If specified, it will override the quant in --hf-repo
[F-b2]                                                     (default: unused)
[F-b2]   -hft, --hf-token <token>                          Hugging Face access token
[F-b2]                                                     (default: value from HF_TOKEN environment variable)
[F-b2]   --offline                                         Offline mode: forces use of cache, prevents network access
[F-b2]                                                     (default: disabled)
[F-b2]   -p, --n-prompt <n>                                (default: 512)
[F-b2]   -n, --n-gen <n>                                   (default: 128)
[F-b2]   -pg <pp,tg>                                       (default: )
[F-b2]   -d, --n-depth <n>                                 (default: 0)
[F-b2]   -b, --batch-size <n>                              (default: 2048)
[F-b2]   -ub, --ubatch-size <n>                            (default: 512)
[F-b2]   -ctk, --cache-type-k <t>                          (default: f16)
[F-b2]   -ctv, --cache-type-v <t>                          (default: f16)
[F-b2]   -t, --threads <n>                                 (default: 6)
[F-b2]   -C, --cpu-mask <hex,hex>                          (default: 0x0)
[F-b2]   --cpu-strict <0|1>                                (default: 0)
[F-b2]   --poll <0...100>                                  (default: 50)
[F-b2]   -ngl, --n-gpu-layers <n>                          (default: -1)
[F-b2]   -ncmoe, --n-cpu-moe <n>                           (default: 0)
[F-b2]   -sm, --split-mode <none|layer|row|tensor>         (default: layer)
[F-b2]   -mg, --main-gpu <i>                               (default: 0)
[F-b2]   -nkvo, --no-kv-offload <0|1>                      (default: 0)
[F-b2]   -fa, --flash-attn <on|off|auto>                   (default: auto)
[F-b2]   -dev, --device <dev0/dev1/...>                    (default: auto)
[F-b2]   -lm, --load-mode <auto|none|mmap|mlock|mmap+mlock|dio> (default: auto)
[F-b2]   --tensor-read-lazy <on|auto|off>                  (default: auto)
[F-b2]   -mmp, --mmap <0|1>                                (DEPRECATED IN FAVOUR OF --load-mode)
[F-b2]   -dio, --direct-io <0|1>                           (DEPRECATED IN FAVOUR OF --load-mode)
[F-b2]   -embd, --embeddings <0|1>                         (default: 0)
[F-b2]   -ts, --tensor-split <ts0/ts1/..>                  (default: 0)
[F-b2]   -ot --override-tensor <tensor name pattern>=<buffer type>;...
[F-b2]                                                     (default: disabled)
[F-b2]   -nopo, --no-op-offload <0|1>                      (default: 0)
[F-b2]   --no-host <0|1>                                   (default: 0)
[F-b2] 
[F-b2] Multiple values can be given for each parameter by separating them with ','
[F-b2] or by specifying the parameter multiple times. Ranges can be given as
[F-b2] 'first-last' or 'first-last+step' or 'first-last*mult'.
[F-b2] WARNING: radv is not a conformant Vulkan implementation, testing use only.
[F-b2] ggml_vulkan: Found 1 Vulkan devices:
[F-b2] ggml_vulkan: 0 = AMD Radeon RX 9060 XT (RADV GFX1200) (radv) | uma: 0 | fp16: dot2 | bf16: 1 | fp4: 0 | warp size: 64 | shared memory: 65536 | int dot: 1 | matrix cores: KHR_coopmat
[F-b2] error: invalid range format
[F-b2] error: invalid parameter for argument: -ngl
[F-b2] usage: bench [options]
[F-b2] 
[F-b2] options:
[F-b2]   -h, --help
[F-b2]   --numa <distribute|isolate|numactl>         numa mode (default: disabled)
[F-b2]   -r, --repetitions <n>                       number of times to repeat each test (default: 5)
[F-b2]   --prio <-1|0|1|2|3>                         process/thread priority (default: 0)
[F-b2]   --delay <0...N> (seconds)                   delay between each test (default: 0)
[F-b2]   -o, --output <csv|json|jsonl|md|sql>        output format printed to stdout (default: md)
[F-b2]   -oe, --output-err <csv|json|jsonl|md|sql>   output format printed to stderr (default: none)
[F-b2]   --list-devices                              list available devices and exit
[F-b2]   -v, --verbose                               verbose output
[F-b2]   --progress                                  print test progress indicators
[F-b2]   --no-warmup                                 skip warmup runs before benchmarking
[F-b2]   -fitt, --fit-target <MiB>                   fit model to device memory with this margin per device in MiB (default: off)
[F-b2]   -fitc, --fit-ctx <n>                        minimum ctx size for --fit-target (default: 4096)
[F-b2] 
[F-b2] test parameters:
[F-b2]   -m, --model <filename>                            (default: models/7B/ggml-model-q4_0.gguf)
[F-b2]   -hf, -hfr, --hf-repo <user>/<model>[:quant]       Hugging Face model repository; quant is optional, case-insensitive
[F-b2]                                                     default to Q4_K_M, or falls back to the first file in the repo if Q4_K_M doesn't exist.
[F-b2]                                                     example: ggml-org/GLM-4.7-Flash-GGUF:Q4_K_M
[F-b2]                                                     (default: unused)
[F-b2]   -hff, --hf-file <file>                            Hugging Face model file. If specified, it will override the quant in --hf-repo
[F-b2]                                                     (default: unused)
[F-b2]   -hft, --hf-token <token>                          Hugging Face access token
[F-b2]                                                     (default: value from HF_TOKEN environment variable)
[F-b2]   --offline                                         Offline mode: forces use of cache, prevents network access
[F-b2]                                                     (default: disabled)
[F-b2]   -p, --n-prompt <n>                                (default: 512)
[F-b2]   -n, --n-gen <n>                                   (default: 128)
[F-b2]   -pg <pp,tg>                                       (default: )
[F-b2]   -d, --n-depth <n>                                 (default: 0)
[F-b2]   -b, --batch-size <n>                              (default: 2048)
[F-b2]   -ub, --ubatch-size <n>                            (default: 512)
[F-b2]   -ctk, --cache-type-k <t>                          (default: f16)
[F-b2]   -ctv, --cache-type-v <t>                          (default: f16)
[F-b2]   -t, --threads <n>                                 (default: 6)
[F-b2]   -C, --cpu-mask <hex,hex>                          (default: 0x0)
[F-b2]   --cpu-strict <0|1>                                (default: 0)
[F-b2]   --poll <0...100>                                  (default: 50)
[F-b2]   -ngl, --n-gpu-layers <n>                          (default: -1)
[F-b2]   -ncmoe, --n-cpu-moe <n>                           (default: 0)
[F-b2]   -sm, --split-mode <none|layer|row|tensor>         (default: layer)
[F-b2]   -mg, --main-gpu <i>                               (default: 0)
[F-b2]   -nkvo, --no-kv-offload <0|1>                      (default: 0)
[F-b2]   -fa, --flash-attn <on|off|auto>                   (default: auto)
[F-b2]   -dev, --device <dev0/dev1/...>                    (default: auto)
[F-b2]   -lm, --load-mode <auto|none|mmap|mlock|mmap+mlock|dio> (default: auto)
[F-b2]   --tensor-read-lazy <on|auto|off>                  (default: auto)
[F-b2]   -mmp, --mmap <0|1>                                (DEPRECATED IN FAVOUR OF --load-mode)
[F-b2]   -dio, --direct-io <0|1>                           (DEPRECATED IN FAVOUR OF --load-mode)
[F-b2]   -embd, --embeddings <0|1>                         (default: 0)
[F-b2]   -ts, --tensor-split <ts0/ts1/..>                  (default: 0)
[F-b2]   -ot --override-tensor <tensor name pattern>=<buffer type>;...
[F-b2]                                                     (default: disabled)
[F-b2]   -nopo, --no-op-offload <0|1>                      (default: 0)
[F-b2]   --no-host <0|1>                                   (default: 0)
[F-b2] 
[F-b2] Multiple values can be given for each parameter by separating them with ','
[F-b2] or by specifying the parameter multiple times. Ranges can be given as
[F-b2] 'first-last' or 'first-last+step' or 'first-last*mult'.
[F-b2] WARNING: radv is not a conformant Vulkan implementation, testing use only.
[F-b2] ggml_vulkan: Found 1 Vulkan devices:
[F-b2] ggml_vulkan: 0 = AMD Radeon RX 9060 XT (RADV GFX1200) (radv) | uma: 0 | fp16: dot2 | bf16: 1 | fp4: 0 | warp size: 64 | shared memory: 65536 | int dot: 1 | matrix cores: KHR_coopmat
[F-b2] error: invalid range format
[F-b2] error: invalid parameter for argument: -ngl
[F-b2] usage: bench [options]
[F-b2] 
[F-b2] options:
[F-b2]   -h, --help
[F-b2]   --numa <distribute|isolate|numactl>         numa mode (default: disabled)
[F-b2]   -r, --repetitions <n>                       number of times to repeat each test (default: 5)
[F-b2]   --prio <-1|0|1|2|3>                         process/thread priority (default: 0)
[F-b2]   --delay <0...N> (seconds)                   delay between each test (default: 0)
[F-b2]   -o, --output <csv|json|jsonl|md|sql>        output format printed to stdout (default: md)
[F-b2]   -oe, --output-err <csv|json|jsonl|md|sql>   output format printed to stderr (default: none)
[F-b2]   --list-devices                              list available devices and exit
[F-b2]   -v, --verbose                               verbose output
[F-b2]   --progress                                  print test progress indicators
[F-b2]   --no-warmup                                 skip warmup runs before benchmarking
[F-b2]   -fitt, --fit-target <MiB>                   fit model to device memory with this margin per device in MiB (default: off)
[F-b2]   -fitc, --fit-ctx <n>                        minimum ctx size for --fit-target (default: 4096)
[F-b2] 
[F-b2] test parameters:
[F-b2]   -m, --model <filename>                            (default: models/7B/ggml-model-q4_0.gguf)
[F-b2]   -hf, -hfr, --hf-repo <user>/<model>[:quant]       Hugging Face model repository; quant is optional, case-insensitive
[F-b2]                                                     default to Q4_K_M, or falls back to the first file in the repo if Q4_K_M doesn't exist.
[F-b2]                                                     example: ggml-org/GLM-4.7-Flash-GGUF:Q4_K_M
[F-b2]                                                     (default: unused)
[F-b2]   -hff, --hf-file <file>                            Hugging Face model file. If specified, it will override the quant in --hf-repo
[F-b2]                                                     (default: unused)
[F-b2]   -hft, --hf-token <token>                          Hugging Face access token
[F-b2]                                                     (default: value from HF_TOKEN environment variable)
[F-b2]   --offline                                         Offline mode: forces use of cache, prevents network access
[F-b2]                                                     (default: disabled)
[F-b2]   -p, --n-prompt <n>                                (default: 512)
[F-b2]   -n, --n-gen <n>                                   (default: 128)
[F-b2]   -pg <pp,tg>                                       (default: )
[F-b2]   -d, --n-depth <n>                                 (default: 0)
[F-b2]   -b, --batch-size <n>                              (default: 2048)
[F-b2]   -ub, --ubatch-size <n>                            (default: 512)
[F-b2]   -ctk, --cache-type-k <t>                          (default: f16)
[F-b2]   -ctv, --cache-type-v <t>                          (default: f16)
[F-b2]   -t, --threads <n>                                 (default: 6)
[F-b2]   -C, --cpu-mask <hex,hex>                          (default: 0x0)
[F-b2]   --cpu-strict <0|1>                                (default: 0)
[F-b2]   --poll <0...100>                                  (default: 50)
[F-b2]   -ngl, --n-gpu-layers <n>                          (default: -1)
[F-b2]   -ncmoe, --n-cpu-moe <n>                           (default: 0)
[F-b2]   -sm, --split-mode <none|layer|row|tensor>         (default: layer)
[F-b2]   -mg, --main-gpu <i>                               (default: 0)
[F-b2]   -nkvo, --no-kv-offload <0|1>                      (default: 0)
[F-b2]   -fa, --flash-attn <on|off|auto>                   (default: auto)
[F-b2]   -dev, --device <dev0/dev1/...>                    (default: auto)
[F-b2]   -lm, --load-mode <auto|none|mmap|mlock|mmap+mlock|dio> (default: auto)
[F-b2]   --tensor-read-lazy <on|auto|off>                  (default: auto)
[F-b2]   -mmp, --mmap <0|1>                                (DEPRECATED IN FAVOUR OF --load-mode)
[F-b2]   -dio, --direct-io <0|1>                           (DEPRECATED IN FAVOUR OF --load-mode)
[F-b2]   -embd, --embeddings <0|1>                         (default: 0)
[F-b2]   -ts, --tensor-split <ts0/ts1/..>                  (default: 0)
[F-b2]   -ot --override-tensor <tensor name pattern>=<buffer type>;...
[F-b2]                                                     (default: disabled)
[F-b2]   -nopo, --no-op-offload <0|1>                      (default: 0)
[F-b2]   --no-host <0|1>                                   (default: 0)
[F-b2] 
[F-b2] Multiple values can be given for each parameter by separating them with ','
[F-b2] or by specifying the parameter multiple times. Ranges can be given as
[F-b2] 'first-last' or 'first-last+step' or 'first-last*mult'.
[F-b2] WARNING: radv is not a conformant Vulkan implementation, testing use only.
[F-b2] ggml_vulkan: Found 1 Vulkan devices:
[F-b2] ggml_vulkan: 0 = AMD Radeon RX 9060 XT (RADV GFX1200) (radv) | uma: 0 | fp16: dot2 | bf16: 1 | fp4: 0 | warp size: 64 | shared memory: 65536 | int dot: 1 | matrix cores: KHR_coopmat
[F-b2] error: invalid range format
[F-b2] error: invalid parameter for argument: -ngl
[F-b2] usage: bench [options]
[F-b2] 
[F-b2] options:
[F-b2]   -h, --help
[F-b2]   --numa <distribute|isolate|numactl>         numa mode (default: disabled)
[F-b2]   -r, --repetitions <n>                       number of times to repeat each test (default: 5)
[F-b2]   --prio <-1|0|1|2|3>                         process/thread priority (default: 0)
[F-b2]   --delay <0...N> (seconds)                   delay between each test (default: 0)
[F-b2]   -o, --output <csv|json|jsonl|md|sql>        output format printed to stdout (default: md)
[F-b2]   -oe, --output-err <csv|json|jsonl|md|sql>   output format printed to stderr (default: none)
[F-b2]   --list-devices                              list available devices and exit
[F-b2]   -v, --verbose                               verbose output
[F-b2]   --progress                                  print test progress indicators
[F-b2]   --no-warmup                                 skip warmup runs before benchmarking
[F-b2]   -fitt, --fit-target <MiB>                   fit model to device memory with this margin per device in MiB (default: off)
[F-b2]   -fitc, --fit-ctx <n>                        minimum ctx size for --fit-target (default: 4096)
[F-b2] 
[F-b2] test parameters:
[F-b2]   -m, --model <filename>                            (default: models/7B/ggml-model-q4_0.gguf)
[F-b2]   -hf, -hfr, --hf-repo <user>/<model>[:quant]       Hugging Face model repository; quant is optional, case-insensitive
[F-b2]                                                     default to Q4_K_M, or falls back to the first file in the repo if Q4_K_M doesn't exist.
[F-b2]                                                     example: ggml-org/GLM-4.7-Flash-GGUF:Q4_K_M
[F-b2]                                                     (default: unused)
[F-b2]   -hff, --hf-file <file>                            Hugging Face model file. If specified, it will override the quant in --hf-repo
[F-b2]                                                     (default: unused)
[F-b2]   -hft, --hf-token <token>                          Hugging Face access token
[F-b2]                                                     (default: value from HF_TOKEN environment variable)
[F-b2]   --offline                                         Offline mode: forces use of cache, prevents network access
[F-b2]                                                     (default: disabled)
[F-b2]   -p, --n-prompt <n>                                (default: 512)
[F-b2]   -n, --n-gen <n>                                   (default: 128)
[F-b2]   -pg <pp,tg>                                       (default: )
[F-b2]   -d, --n-depth <n>                                 (default: 0)
[F-b2]   -b, --batch-size <n>                              (default: 2048)
[F-b2]   -ub, --ubatch-size <n>                            (default: 512)
[F-b2]   -ctk, --cache-type-k <t>                          (default: f16)
[F-b2]   -ctv, --cache-type-v <t>                          (default: f16)
[F-b2]   -t, --threads <n>                                 (default: 6)
[F-b2]   -C, --cpu-mask <hex,hex>                          (default: 0x0)
[F-b2]   --cpu-strict <0|1>                                (default: 0)
[F-b2]   --poll <0...100>                                  (default: 50)
[F-b2]   -ngl, --n-gpu-layers <n>                          (default: -1)
[F-b2]   -ncmoe, --n-cpu-moe <n>                           (default: 0)
[F-b2]   -sm, --split-mode <none|layer|row|tensor>         (default: layer)
[F-b2]   -mg, --main-gpu <i>                               (default: 0)
[F-b2]   -nkvo, --no-kv-offload <0|1>                      (default: 0)
[F-b2]   -fa, --flash-attn <on|off|auto>                   (default: auto)
[F-b2]   -dev, --device <dev0/dev1/...>                    (default: auto)
[F-b2]   -lm, --load-mode <auto|none|mmap|mlock|mmap+mlock|dio> (default: auto)
[F-b2]   --tensor-read-lazy <on|auto|off>                  (default: auto)
[F-b2]   -mmp, --mmap <0|1>                                (DEPRECATED IN FAVOUR OF --load-mode)
[F-b2]   -dio, --direct-io <0|1>                           (DEPRECATED IN FAVOUR OF --load-mode)
[F-b2]   -embd, --embeddings <0|1>                         (default: 0)
[F-b2]   -ts, --tensor-split <ts0/ts1/..>                  (default: 0)
[F-b2]   -ot --override-tensor <tensor name pattern>=<buffer type>;...
[F-b2]                                                     (default: disabled)
[F-b2]   -nopo, --no-op-offload <0|1>                      (default: 0)
[F-b2]   --no-host <0|1>                                   (default: 0)
[F-b2] 
[F-b2] Multiple values can be given for each parameter by separating them with ','
[F-b2] or by specifying the parameter multiple times. Ranges can be given as
[F-b2] 'first-last' or 'first-last+step' or 'first-last*mult'.
[16:53:37] BENCH F-b4: model=Qwen3.8-27B-GSQ-RCO-IQ3_XXS-mtp.gguf args=-t 12 -b 4096 -ub 2048 -ctk q5_0 -ctv q5_0
[F-b4] WARNING: radv is not a conformant Vulkan implementation, testing use only.
[F-b4] ggml_vulkan: Found 1 Vulkan devices:
[F-b4] ggml_vulkan: 0 = AMD Radeon RX 9060 XT (RADV GFX1200) (radv) | uma: 0 | fp16: dot2 | bf16: 1 | fp4: 0 | warp size: 64 | shared memory: 65536 | int dot: 1 | matrix cores: KHR_coopmat
[F-b4] error: invalid range format
[F-b4] error: invalid parameter for argument: -ngl
[F-b4] usage: bench [options]
[F-b4] 
[F-b4] options:
[F-b4]   -h, --help
[F-b4]   --numa <distribute|isolate|numactl>         numa mode (default: disabled)
[F-b4]   -r, --repetitions <n>                       number of times to repeat each test (default: 5)
[F-b4]   --prio <-1|0|1|2|3>                         process/thread priority (default: 0)
[F-b4]   --delay <0...N> (seconds)                   delay between each test (default: 0)
[F-b4]   -o, --output <csv|json|jsonl|md|sql>        output format printed to stdout (default: md)
[F-b4]   -oe, --output-err <csv|json|jsonl|md|sql>   output format printed to stderr (default: none)
[F-b4]   --list-devices                              list available devices and exit
[F-b4]   -v, --verbose                               verbose output
[F-b4]   --progress                                  print test progress indicators
[F-b4]   --no-warmup                                 skip warmup runs before benchmarking
[F-b4]   -fitt, --fit-target <MiB>                   fit model to device memory with this margin per device in MiB (default: off)
[F-b4]   -fitc, --fit-ctx <n>                        minimum ctx size for --fit-target (default: 4096)
[F-b4] 
[F-b4] test parameters:
[F-b4]   -m, --model <filename>                            (default: models/7B/ggml-model-q4_0.gguf)
[F-b4]   -hf, -hfr, --hf-repo <user>/<model>[:quant]       Hugging Face model repository; quant is optional, case-insensitive
[F-b4]                                                     default to Q4_K_M, or falls back to the first file in the repo if Q4_K_M doesn't exist.
[F-b4]                                                     example: ggml-org/GLM-4.7-Flash-GGUF:Q4_K_M
[F-b4]                                                     (default: unused)
[F-b4]   -hff, --hf-file <file>                            Hugging Face model file. If specified, it will override the quant in --hf-repo
[F-b4]                                                     (default: unused)
[F-b4]   -hft, --hf-token <token>                          Hugging Face access token
[F-b4]                                                     (default: value from HF_TOKEN environment variable)
[F-b4]   --offline                                         Offline mode: forces use of cache, prevents network access
[F-b4]                                                     (default: disabled)
[F-b4]   -p, --n-prompt <n>                                (default: 512)
[F-b4]   -n, --n-gen <n>                                   (default: 128)
[F-b4]   -pg <pp,tg>                                       (default: )
[F-b4]   -d, --n-depth <n>                                 (default: 0)
[F-b4]   -b, --batch-size <n>                              (default: 2048)
[F-b4]   -ub, --ubatch-size <n>                            (default: 512)
[F-b4]   -ctk, --cache-type-k <t>                          (default: f16)
[F-b4]   -ctv, --cache-type-v <t>                          (default: f16)
[F-b4]   -t, --threads <n>                                 (default: 6)
[F-b4]   -C, --cpu-mask <hex,hex>                          (default: 0x0)
[F-b4]   --cpu-strict <0|1>                                (default: 0)
[F-b4]   --poll <0...100>                                  (default: 50)
[F-b4]   -ngl, --n-gpu-layers <n>                          (default: -1)
[F-b4]   -ncmoe, --n-cpu-moe <n>                           (default: 0)
[F-b4]   -sm, --split-mode <none|layer|row|tensor>         (default: layer)
[F-b4]   -mg, --main-gpu <i>                               (default: 0)
[F-b4]   -nkvo, --no-kv-offload <0|1>                      (default: 0)
[F-b4]   -fa, --flash-attn <on|off|auto>                   (default: auto)
[F-b4]   -dev, --device <dev0/dev1/...>                    (default: auto)
[F-b4]   -lm, --load-mode <auto|none|mmap|mlock|mmap+mlock|dio> (default: auto)
[F-b4]   --tensor-read-lazy <on|auto|off>                  (default: auto)
[F-b4]   -mmp, --mmap <0|1>                                (DEPRECATED IN FAVOUR OF --load-mode)
[F-b4]   -dio, --direct-io <0|1>                           (DEPRECATED IN FAVOUR OF --load-mode)
[F-b4]   -embd, --embeddings <0|1>                         (default: 0)
[F-b4]   -ts, --tensor-split <ts0/ts1/..>                  (default: 0)
[F-b4]   -ot --override-tensor <tensor name pattern>=<buffer type>;...
[F-b4]                                                     (default: disabled)
[F-b4]   -nopo, --no-op-offload <0|1>                      (default: 0)
[F-b4]   --no-host <0|1>                                   (default: 0)
[F-b4] 
[F-b4] Multiple values can be given for each parameter by separating them with ','
[F-b4] or by specifying the parameter multiple times. Ranges can be given as
[F-b4] 'first-last' or 'first-last+step' or 'first-last*mult'.
[F-b4] WARNING: radv is not a conformant Vulkan implementation, testing use only.
[F-b4] ggml_vulkan: Found 1 Vulkan devices:
[F-b4] ggml_vulkan: 0 = AMD Radeon RX 9060 XT (RADV GFX1200) (radv) | uma: 0 | fp16: dot2 | bf16: 1 | fp4: 0 | warp size: 64 | shared memory: 65536 | int dot: 1 | matrix cores: KHR_coopmat
[F-b4] error: invalid range format
[F-b4] error: invalid parameter for argument: -ngl
[F-b4] usage: bench [options]
[F-b4] 
[F-b4] options:
[F-b4]   -h, --help
[F-b4]   --numa <distribute|isolate|numactl>         numa mode (default: disabled)
[F-b4]   -r, --repetitions <n>                       number of times to repeat each test (default: 5)
[F-b4]   --prio <-1|0|1|2|3>                         process/thread priority (default: 0)
[F-b4]   --delay <0...N> (seconds)                   delay between each test (default: 0)
[F-b4]   -o, --output <csv|json|jsonl|md|sql>        output format printed to stdout (default: md)
[F-b4]   -oe, --output-err <csv|json|jsonl|md|sql>   output format printed to stderr (default: none)
[F-b4]   --list-devices                              list available devices and exit
[F-b4]   -v, --verbose                               verbose output
[F-b4]   --progress                                  print test progress indicators
[F-b4]   --no-warmup                                 skip warmup runs before benchmarking
[F-b4]   -fitt, --fit-target <MiB>                   fit model to device memory with this margin per device in MiB (default: off)
[F-b4]   -fitc, --fit-ctx <n>                        minimum ctx size for --fit-target (default: 4096)
[F-b4] 
[F-b4] test parameters:
[F-b4]   -m, --model <filename>                            (default: models/7B/ggml-model-q4_0.gguf)
[F-b4]   -hf, -hfr, --hf-repo <user>/<model>[:quant]       Hugging Face model repository; quant is optional, case-insensitive
[F-b4]                                                     default to Q4_K_M, or falls back to the first file in the repo if Q4_K_M doesn't exist.
[F-b4]                                                     example: ggml-org/GLM-4.7-Flash-GGUF:Q4_K_M
[F-b4]                                                     (default: unused)
[F-b4]   -hff, --hf-file <file>                            Hugging Face model file. If specified, it will override the quant in --hf-repo
[F-b4]                                                     (default: unused)
[F-b4]   -hft, --hf-token <token>                          Hugging Face access token
[F-b4]                                                     (default: value from HF_TOKEN environment variable)
[F-b4]   --offline                                         Offline mode: forces use of cache, prevents network access
[F-b4]                                                     (default: disabled)
[F-b4]   -p, --n-prompt <n>                                (default: 512)
[F-b4]   -n, --n-gen <n>                                   (default: 128)
[F-b4]   -pg <pp,tg>                                       (default: )
[F-b4]   -d, --n-depth <n>                                 (default: 0)
[F-b4]   -b, --batch-size <n>                              (default: 2048)
[F-b4]   -ub, --ubatch-size <n>                            (default: 512)
[F-b4]   -ctk, --cache-type-k <t>                          (default: f16)
[F-b4]   -ctv, --cache-type-v <t>                          (default: f16)
[F-b4]   -t, --threads <n>                                 (default: 6)
[F-b4]   -C, --cpu-mask <hex,hex>                          (default: 0x0)
[F-b4]   --cpu-strict <0|1>                                (default: 0)
[F-b4]   --poll <0...100>                                  (default: 50)
[F-b4]   -ngl, --n-gpu-layers <n>                          (default: -1)
[F-b4]   -ncmoe, --n-cpu-moe <n>                           (default: 0)
[F-b4]   -sm, --split-mode <none|layer|row|tensor>         (default: layer)
[F-b4]   -mg, --main-gpu <i>                               (default: 0)
[F-b4]   -nkvo, --no-kv-offload <0|1>                      (default: 0)
[F-b4]   -fa, --flash-attn <on|off|auto>                   (default: auto)
[F-b4]   -dev, --device <dev0/dev1/...>                    (default: auto)
[F-b4]   -lm, --load-mode <auto|none|mmap|mlock|mmap+mlock|dio> (default: auto)
[F-b4]   --tensor-read-lazy <on|auto|off>                  (default: auto)
[F-b4]   -mmp, --mmap <0|1>                                (DEPRECATED IN FAVOUR OF --load-mode)
[F-b4]   -dio, --direct-io <0|1>                           (DEPRECATED IN FAVOUR OF --load-mode)
[F-b4]   -embd, --embeddings <0|1>                         (default: 0)
[F-b4]   -ts, --tensor-split <ts0/ts1/..>                  (default: 0)
[F-b4]   -ot --override-tensor <tensor name pattern>=<buffer type>;...
[F-b4]                                                     (default: disabled)
[F-b4]   -nopo, --no-op-offload <0|1>                      (default: 0)
[F-b4]   --no-host <0|1>                                   (default: 0)
[F-b4] 
[F-b4] Multiple values can be given for each parameter by separating them with ','
[F-b4] or by specifying the parameter multiple times. Ranges can be given as
[F-b4] 'first-last' or 'first-last+step' or 'first-last*mult'.
[F-b4] WARNING: radv is not a conformant Vulkan implementation, testing use only.
[F-b4] ggml_vulkan: Found 1 Vulkan devices:
[F-b4] ggml_vulkan: 0 = AMD Radeon RX 9060 XT (RADV GFX1200) (radv) | uma: 0 | fp16: dot2 | bf16: 1 | fp4: 0 | warp size: 64 | shared memory: 65536 | int dot: 1 | matrix cores: KHR_coopmat
[F-b4] error: invalid range format
[F-b4] error: invalid parameter for argument: -ngl
[F-b4] usage: bench [options]
[F-b4] 
[F-b4] options:
[F-b4]   -h, --help
[F-b4]   --numa <distribute|isolate|numactl>         numa mode (default: disabled)
[F-b4]   -r, --repetitions <n>                       number of times to repeat each test (default: 5)
[F-b4]   --prio <-1|0|1|2|3>                         process/thread priority (default: 0)
[F-b4]   --delay <0...N> (seconds)                   delay between each test (default: 0)
[F-b4]   -o, --output <csv|json|jsonl|md|sql>        output format printed to stdout (default: md)
[F-b4]   -oe, --output-err <csv|json|jsonl|md|sql>   output format printed to stderr (default: none)
[F-b4]   --list-devices                              list available devices and exit
[F-b4]   -v, --verbose                               verbose output
[F-b4]   --progress                                  print test progress indicators
[F-b4]   --no-warmup                                 skip warmup runs before benchmarking
[F-b4]   -fitt, --fit-target <MiB>                   fit model to device memory with this margin per device in MiB (default: off)
[F-b4]   -fitc, --fit-ctx <n>                        minimum ctx size for --fit-target (default: 4096)
[F-b4] 
[F-b4] test parameters:
[F-b4]   -m, --model <filename>                            (default: models/7B/ggml-model-q4_0.gguf)
[F-b4]   -hf, -hfr, --hf-repo <user>/<model>[:quant]       Hugging Face model repository; quant is optional, case-insensitive
[F-b4]                                                     default to Q4_K_M, or falls back to the first file in the repo if Q4_K_M doesn't exist.
[F-b4]                                                     example: ggml-org/GLM-4.7-Flash-GGUF:Q4_K_M
[F-b4]                                                     (default: unused)
[F-b4]   -hff, --hf-file <file>                            Hugging Face model file. If specified, it will override the quant in --hf-repo
[F-b4]                                                     (default: unused)
[F-b4]   -hft, --hf-token <token>                          Hugging Face access token
[F-b4]                                                     (default: value from HF_TOKEN environment variable)
[F-b4]   --offline                                         Offline mode: forces use of cache, prevents network access
[F-b4]                                                     (default: disabled)
[F-b4]   -p, --n-prompt <n>                                (default: 512)
[F-b4]   -n, --n-gen <n>                                   (default: 128)
[F-b4]   -pg <pp,tg>                                       (default: )
[F-b4]   -d, --n-depth <n>                                 (default: 0)
[F-b4]   -b, --batch-size <n>                              (default: 2048)
[F-b4]   -ub, --ubatch-size <n>                            (default: 512)
[F-b4]   -ctk, --cache-type-k <t>                          (default: f16)
[F-b4]   -ctv, --cache-type-v <t>                          (default: f16)
[F-b4]   -t, --threads <n>                                 (default: 6)
[F-b4]   -C, --cpu-mask <hex,hex>                          (default: 0x0)
[F-b4]   --cpu-strict <0|1>                                (default: 0)
[F-b4]   --poll <0...100>                                  (default: 50)
[F-b4]   -ngl, --n-gpu-layers <n>                          (default: -1)
[F-b4]   -ncmoe, --n-cpu-moe <n>                           (default: 0)
[F-b4]   -sm, --split-mode <none|layer|row|tensor>         (default: layer)
[F-b4]   -mg, --main-gpu <i>                               (default: 0)
[F-b4]   -nkvo, --no-kv-offload <0|1>                      (default: 0)
[F-b4]   -fa, --flash-attn <on|off|auto>                   (default: auto)
[F-b4]   -dev, --device <dev0/dev1/...>                    (default: auto)
[F-b4]   -lm, --load-mode <auto|none|mmap|mlock|mmap+mlock|dio> (default: auto)
[F-b4]   --tensor-read-lazy <on|auto|off>                  (default: auto)
[F-b4]   -mmp, --mmap <0|1>                                (DEPRECATED IN FAVOUR OF --load-mode)
[F-b4]   -dio, --direct-io <0|1>                           (DEPRECATED IN FAVOUR OF --load-mode)
[F-b4]   -embd, --embeddings <0|1>                         (default: 0)
[F-b4]   -ts, --tensor-split <ts0/ts1/..>                  (default: 0)
[F-b4]   -ot --override-tensor <tensor name pattern>=<buffer type>;...
[F-b4]                                                     (default: disabled)
[F-b4]   -nopo, --no-op-offload <0|1>                      (default: 0)
[F-b4]   --no-host <0|1>                                   (default: 0)
[F-b4] 
[F-b4] Multiple values can be given for each parameter by separating them with ','
[F-b4] or by specifying the parameter multiple times. Ranges can be given as
[F-b4] 'first-last' or 'first-last+step' or 'first-last*mult'.
[F-b4] WARNING: radv is not a conformant Vulkan implementation, testing use only.
[F-b4] ggml_vulkan: Found 1 Vulkan devices:
[F-b4] ggml_vulkan: 0 = AMD Radeon RX 9060 XT (RADV GFX1200) (radv) | uma: 0 | fp16: dot2 | bf16: 1 | fp4: 0 | warp size: 64 | shared memory: 65536 | int dot: 1 | matrix cores: KHR_coopmat
[F-b4] error: invalid range format
[F-b4] error: invalid parameter for argument: -ngl
[F-b4] usage: bench [options]
[F-b4] 
[F-b4] options:
[F-b4]   -h, --help
[F-b4]   --numa <distribute|isolate|numactl>         numa mode (default: disabled)
[F-b4]   -r, --repetitions <n>                       number of times to repeat each test (default: 5)
[F-b4]   --prio <-1|0|1|2|3>                         process/thread priority (default: 0)
[F-b4]   --delay <0...N> (seconds)                   delay between each test (default: 0)
[F-b4]   -o, --output <csv|json|jsonl|md|sql>        output format printed to stdout (default: md)
[F-b4]   -oe, --output-err <csv|json|jsonl|md|sql>   output format printed to stderr (default: none)
[F-b4]   --list-devices                              list available devices and exit
[F-b4]   -v, --verbose                               verbose output
[F-b4]   --progress                                  print test progress indicators
[F-b4]   --no-warmup                                 skip warmup runs before benchmarking
[F-b4]   -fitt, --fit-target <MiB>                   fit model to device memory with this margin per device in MiB (default: off)
[F-b4]   -fitc, --fit-ctx <n>                        minimum ctx size for --fit-target (default: 4096)
[F-b4] 
[F-b4] test parameters:
[F-b4]   -m, --model <filename>                            (default: models/7B/ggml-model-q4_0.gguf)
[F-b4]   -hf, -hfr, --hf-repo <user>/<model>[:quant]       Hugging Face model repository; quant is optional, case-insensitive
[F-b4]                                                     default to Q4_K_M, or falls back to the first file in the repo if Q4_K_M doesn't exist.
[F-b4]                                                     example: ggml-org/GLM-4.7-Flash-GGUF:Q4_K_M
[F-b4]                                                     (default: unused)
[F-b4]   -hff, --hf-file <file>                            Hugging Face model file. If specified, it will override the quant in --hf-repo
[F-b4]                                                     (default: unused)
[F-b4]   -hft, --hf-token <token>                          Hugging Face access token
[F-b4]                                                     (default: value from HF_TOKEN environment variable)
[F-b4]   --offline                                         Offline mode: forces use of cache, prevents network access
[F-b4]                                                     (default: disabled)
[F-b4]   -p, --n-prompt <n>                                (default: 512)
[F-b4]   -n, --n-gen <n>                                   (default: 128)
[F-b4]   -pg <pp,tg>                                       (default: )
[F-b4]   -d, --n-depth <n>                                 (default: 0)
[F-b4]   -b, --batch-size <n>                              (default: 2048)
[F-b4]   -ub, --ubatch-size <n>                            (default: 512)
[F-b4]   -ctk, --cache-type-k <t>                          (default: f16)
[F-b4]   -ctv, --cache-type-v <t>                          (default: f16)
[F-b4]   -t, --threads <n>                                 (default: 6)
[F-b4]   -C, --cpu-mask <hex,hex>                          (default: 0x0)
[F-b4]   --cpu-strict <0|1>                                (default: 0)
[F-b4]   --poll <0...100>                                  (default: 50)
[F-b4]   -ngl, --n-gpu-layers <n>                          (default: -1)
[F-b4]   -ncmoe, --n-cpu-moe <n>                           (default: 0)
[F-b4]   -sm, --split-mode <none|layer|row|tensor>         (default: layer)
[F-b4]   -mg, --main-gpu <i>                               (default: 0)
[F-b4]   -nkvo, --no-kv-offload <0|1>                      (default: 0)
[F-b4]   -fa, --flash-attn <on|off|auto>                   (default: auto)
[F-b4]   -dev, --device <dev0/dev1/...>                    (default: auto)
[F-b4]   -lm, --load-mode <auto|none|mmap|mlock|mmap+mlock|dio> (default: auto)
[F-b4]   --tensor-read-lazy <on|auto|off>                  (default: auto)
[F-b4]   -mmp, --mmap <0|1>                                (DEPRECATED IN FAVOUR OF --load-mode)
[F-b4]   -dio, --direct-io <0|1>                           (DEPRECATED IN FAVOUR OF --load-mode)
[F-b4]   -embd, --embeddings <0|1>                         (default: 0)
[F-b4]   -ts, --tensor-split <ts0/ts1/..>                  (default: 0)
[F-b4]   -ot --override-tensor <tensor name pattern>=<buffer type>;...
[F-b4]                                                     (default: disabled)
[F-b4]   -nopo, --no-op-offload <0|1>                      (default: 0)
[F-b4]   --no-host <0|1>                                   (default: 0)
[F-b4] 
[F-b4] Multiple values can be given for each parameter by separating them with ','
[F-b4] or by specifying the parameter multiple times. Ranges can be given as
[F-b4] 'first-last' or 'first-last+step' or 'first-last*mult'.
[16:53:37] BENCH F-b8: model=Qwen3.8-27B-GSQ-RCO-IQ3_XXS-mtp.gguf args=-t 12 -b 8192 -ub 4096 -ctk q5_0 -ctv q5_0
[F-b8] WARNING: radv is not a conformant Vulkan implementation, testing use only.
[F-b8] ggml_vulkan: Found 1 Vulkan devices:
[F-b8] ggml_vulkan: 0 = AMD Radeon RX 9060 XT (RADV GFX1200) (radv) | uma: 0 | fp16: dot2 | bf16: 1 | fp4: 0 | warp size: 64 | shared memory: 65536 | int dot: 1 | matrix cores: KHR_coopmat
[F-b8] error: invalid range format
[F-b8] error: invalid parameter for argument: -ngl
[F-b8] usage: bench [options]
[F-b8] 
[F-b8] options:
[F-b8]   -h, --help
[F-b8]   --numa <distribute|isolate|numactl>         numa mode (default: disabled)
[F-b8]   -r, --repetitions <n>                       number of times to repeat each test (default: 5)
[F-b8]   --prio <-1|0|1|2|3>                         process/thread priority (default: 0)
[F-b8]   --delay <0...N> (seconds)                   delay between each test (default: 0)
[F-b8]   -o, --output <csv|json|jsonl|md|sql>        output format printed to stdout (default: md)
[F-b8]   -oe, --output-err <csv|json|jsonl|md|sql>   output format printed to stderr (default: none)
[F-b8]   --list-devices                              list available devices and exit
[F-b8]   -v, --verbose                               verbose output
[F-b8]   --progress                                  print test progress indicators
[F-b8]   --no-warmup                                 skip warmup runs before benchmarking
[F-b8]   -fitt, --fit-target <MiB>                   fit model to device memory with this margin per device in MiB (default: off)
[F-b8]   -fitc, --fit-ctx <n>                        minimum ctx size for --fit-target (default: 4096)
[F-b8] 
[F-b8] test parameters:
[F-b8]   -m, --model <filename>                            (default: models/7B/ggml-model-q4_0.gguf)
[F-b8]   -hf, -hfr, --hf-repo <user>/<model>[:quant]       Hugging Face model repository; quant is optional, case-insensitive
[F-b8]                                                     default to Q4_K_M, or falls back to the first file in the repo if Q4_K_M doesn't exist.
[F-b8]                                                     example: ggml-org/GLM-4.7-Flash-GGUF:Q4_K_M
[F-b8]                                                     (default: unused)
[F-b8]   -hff, --hf-file <file>                            Hugging Face model file. If specified, it will override the quant in --hf-repo
[F-b8]                                                     (default: unused)
[F-b8]   -hft, --hf-token <token>                          Hugging Face access token
[F-b8]                                                     (default: value from HF_TOKEN environment variable)
[F-b8]   --offline                                         Offline mode: forces use of cache, prevents network access
[F-b8]                                                     (default: disabled)
[F-b8]   -p, --n-prompt <n>                                (default: 512)
[F-b8]   -n, --n-gen <n>                                   (default: 128)
[F-b8]   -pg <pp,tg>                                       (default: )
[F-b8]   -d, --n-depth <n>                                 (default: 0)
[F-b8]   -b, --batch-size <n>                              (default: 2048)
[F-b8]   -ub, --ubatch-size <n>                            (default: 512)
[F-b8]   -ctk, --cache-type-k <t>                          (default: f16)
[F-b8]   -ctv, --cache-type-v <t>                          (default: f16)
[F-b8]   -t, --threads <n>                                 (default: 6)
[F-b8]   -C, --cpu-mask <hex,hex>                          (default: 0x0)
[F-b8]   --cpu-strict <0|1>                                (default: 0)
[F-b8]   --poll <0...100>                                  (default: 50)
[F-b8]   -ngl, --n-gpu-layers <n>                          (default: -1)
[F-b8]   -ncmoe, --n-cpu-moe <n>                           (default: 0)
[F-b8]   -sm, --split-mode <none|layer|row|tensor>         (default: layer)
[F-b8]   -mg, --main-gpu <i>                               (default: 0)
[F-b8]   -nkvo, --no-kv-offload <0|1>                      (default: 0)
[F-b8]   -fa, --flash-attn <on|off|auto>                   (default: auto)
[F-b8]   -dev, --device <dev0/dev1/...>                    (default: auto)
[F-b8]   -lm, --load-mode <auto|none|mmap|mlock|mmap+mlock|dio> (default: auto)
[F-b8]   --tensor-read-lazy <on|auto|off>                  (default: auto)
[F-b8]   -mmp, --mmap <0|1>                                (DEPRECATED IN FAVOUR OF --load-mode)
[F-b8]   -dio, --direct-io <0|1>                           (DEPRECATED IN FAVOUR OF --load-mode)
[F-b8]   -embd, --embeddings <0|1>                         (default: 0)
[F-b8]   -ts, --tensor-split <ts0/ts1/..>                  (default: 0)
[F-b8]   -ot --override-tensor <tensor name pattern>=<buffer type>;...
[F-b8]                                                     (default: disabled)
[F-b8]   -nopo, --no-op-offload <0|1>                      (default: 0)
[F-b8]   --no-host <0|1>                                   (default: 0)
[F-b8] 
[F-b8] Multiple values can be given for each parameter by separating them with ','
[F-b8] or by specifying the parameter multiple times. Ranges can be given as
[F-b8] 'first-last' or 'first-last+step' or 'first-last*mult'.
[F-b8] WARNING: radv is not a conformant Vulkan implementation, testing use only.
[F-b8] ggml_vulkan: Found 1 Vulkan devices:
[F-b8] ggml_vulkan: 0 = AMD Radeon RX 9060 XT (RADV GFX1200) (radv) | uma: 0 | fp16: dot2 | bf16: 1 | fp4: 0 | warp size: 64 | shared memory: 65536 | int dot: 1 | matrix cores: KHR_coopmat
[F-b8] error: invalid range format
[F-b8] error: invalid parameter for argument: -ngl
[F-b8] usage: bench [options]
[F-b8] 
[F-b8] options:
[F-b8]   -h, --help
[F-b8]   --numa <distribute|isolate|numactl>         numa mode (default: disabled)
[F-b8]   -r, --repetitions <n>                       number of times to repeat each test (default: 5)
[F-b8]   --prio <-1|0|1|2|3>                         process/thread priority (default: 0)
[F-b8]   --delay <0...N> (seconds)                   delay between each test (default: 0)
[F-b8]   -o, --output <csv|json|jsonl|md|sql>        output format printed to stdout (default: md)
[F-b8]   -oe, --output-err <csv|json|jsonl|md|sql>   output format printed to stderr (default: none)
[F-b8]   --list-devices                              list available devices and exit
[F-b8]   -v, --verbose                               verbose output
[F-b8]   --progress                                  print test progress indicators
[F-b8]   --no-warmup                                 skip warmup runs before benchmarking
[F-b8]   -fitt, --fit-target <MiB>                   fit model to device memory with this margin per device in MiB (default: off)
[F-b8]   -fitc, --fit-ctx <n>                        minimum ctx size for --fit-target (default: 4096)
[F-b8] 
[F-b8] test parameters:
[F-b8]   -m, --model <filename>                            (default: models/7B/ggml-model-q4_0.gguf)
[F-b8]   -hf, -hfr, --hf-repo <user>/<model>[:quant]       Hugging Face model repository; quant is optional, case-insensitive
[F-b8]                                                     default to Q4_K_M, or falls back to the first file in the repo if Q4_K_M doesn't exist.
[F-b8]                                                     example: ggml-org/GLM-4.7-Flash-GGUF:Q4_K_M
[F-b8]                                                     (default: unused)
[F-b8]   -hff, --hf-file <file>                            Hugging Face model file. If specified, it will override the quant in --hf-repo
[F-b8]                                                     (default: unused)
[F-b8]   -hft, --hf-token <token>                          Hugging Face access token
[F-b8]                                                     (default: value from HF_TOKEN environment variable)
[F-b8]   --offline                                         Offline mode: forces use of cache, prevents network access
[F-b8]                                                     (default: disabled)
[F-b8]   -p, --n-prompt <n>                                (default: 512)
[F-b8]   -n, --n-gen <n>                                   (default: 128)
[F-b8]   -pg <pp,tg>                                       (default: )
[F-b8]   -d, --n-depth <n>                                 (default: 0)
[F-b8]   -b, --batch-size <n>                              (default: 2048)
[F-b8]   -ub, --ubatch-size <n>                            (default: 512)
[F-b8]   -ctk, --cache-type-k <t>                          (default: f16)
[F-b8]   -ctv, --cache-type-v <t>                          (default: f16)
[F-b8]   -t, --threads <n>                                 (default: 6)
[F-b8]   -C, --cpu-mask <hex,hex>                          (default: 0x0)
[F-b8]   --cpu-strict <0|1>                                (default: 0)
[F-b8]   --poll <0...100>                                  (default: 50)
[F-b8]   -ngl, --n-gpu-layers <n>                          (default: -1)
[F-b8]   -ncmoe, --n-cpu-moe <n>                           (default: 0)
[F-b8]   -sm, --split-mode <none|layer|row|tensor>         (default: layer)
[F-b8]   -mg, --main-gpu <i>                               (default: 0)
[F-b8]   -nkvo, --no-kv-offload <0|1>                      (default: 0)
[F-b8]   -fa, --flash-attn <on|off|auto>                   (default: auto)
[F-b8]   -dev, --device <dev0/dev1/...>                    (default: auto)
[F-b8]   -lm, --load-mode <auto|none|mmap|mlock|mmap+mlock|dio> (default: auto)
[F-b8]   --tensor-read-lazy <on|auto|off>                  (default: auto)
[F-b8]   -mmp, --mmap <0|1>                                (DEPRECATED IN FAVOUR OF --load-mode)
[F-b8]   -dio, --direct-io <0|1>                           (DEPRECATED IN FAVOUR OF --load-mode)
[F-b8]   -embd, --embeddings <0|1>                         (default: 0)
[F-b8]   -ts, --tensor-split <ts0/ts1/..>                  (default: 0)
[F-b8]   -ot --override-tensor <tensor name pattern>=<buffer type>;...
[F-b8]                                                     (default: disabled)
[F-b8]   -nopo, --no-op-offload <0|1>                      (default: 0)
[F-b8]   --no-host <0|1>                                   (default: 0)
[F-b8] 
[F-b8] Multiple values can be given for each parameter by separating them with ','
[F-b8] or by specifying the parameter multiple times. Ranges can be given as
[F-b8] 'first-last' or 'first-last+step' or 'first-last*mult'.
[F-b8] WARNING: radv is not a conformant Vulkan implementation, testing use only.
[F-b8] ggml_vulkan: Found 1 Vulkan devices:
[F-b8] ggml_vulkan: 0 = AMD Radeon RX 9060 XT (RADV GFX1200) (radv) | uma: 0 | fp16: dot2 | bf16: 1 | fp4: 0 | warp size: 64 | shared memory: 65536 | int dot: 1 | matrix cores: KHR_coopmat
[F-b8] error: invalid range format
[F-b8] error: invalid parameter for argument: -ngl
[F-b8] usage: bench [options]
[F-b8] 
[F-b8] options:
[F-b8]   -h, --help
[F-b8]   --numa <distribute|isolate|numactl>         numa mode (default: disabled)
[F-b8]   -r, --repetitions <n>                       number of times to repeat each test (default: 5)
[F-b8]   --prio <-1|0|1|2|3>                         process/thread priority (default: 0)
[F-b8]   --delay <0...N> (seconds)                   delay between each test (default: 0)
[F-b8]   -o, --output <csv|json|jsonl|md|sql>        output format printed to stdout (default: md)
[F-b8]   -oe, --output-err <csv|json|jsonl|md|sql>   output format printed to stderr (default: none)
[F-b8]   --list-devices                              list available devices and exit
[F-b8]   -v, --verbose                               verbose output
[F-b8]   --progress                                  print test progress indicators
[F-b8]   --no-warmup                                 skip warmup runs before benchmarking
[F-b8]   -fitt, --fit-target <MiB>                   fit model to device memory with this margin per device in MiB (default: off)
[F-b8]   -fitc, --fit-ctx <n>                        minimum ctx size for --fit-target (default: 4096)
[F-b8] 
[F-b8] test parameters:
[F-b8]   -m, --model <filename>                            (default: models/7B/ggml-model-q4_0.gguf)
[F-b8]   -hf, -hfr, --hf-repo <user>/<model>[:quant]       Hugging Face model repository; quant is optional, case-insensitive
[F-b8]                                                     default to Q4_K_M, or falls back to the first file in the repo if Q4_K_M doesn't exist.
[F-b8]                                                     example: ggml-org/GLM-4.7-Flash-GGUF:Q4_K_M
[F-b8]                                                     (default: unused)
[F-b8]   -hff, --hf-file <file>                            Hugging Face model file. If specified, it will override the quant in --hf-repo
[F-b8]                                                     (default: unused)
[F-b8]   -hft, --hf-token <token>                          Hugging Face access token
[F-b8]                                                     (default: value from HF_TOKEN environment variable)
[F-b8]   --offline                                         Offline mode: forces use of cache, prevents network access
[F-b8]                                                     (default: disabled)
[F-b8]   -p, --n-prompt <n>                                (default: 512)
[F-b8]   -n, --n-gen <n>                                   (default: 128)
[F-b8]   -pg <pp,tg>                                       (default: )
[F-b8]   -d, --n-depth <n>                                 (default: 0)
[F-b8]   -b, --batch-size <n>                              (default: 2048)
[F-b8]   -ub, --ubatch-size <n>                            (default: 512)
[F-b8]   -ctk, --cache-type-k <t>                          (default: f16)
[F-b8]   -ctv, --cache-type-v <t>                          (default: f16)
[F-b8]   -t, --threads <n>                                 (default: 6)
[F-b8]   -C, --cpu-mask <hex,hex>                          (default: 0x0)
[F-b8]   --cpu-strict <0|1>                                (default: 0)
[F-b8]   --poll <0...100>                                  (default: 50)
[F-b8]   -ngl, --n-gpu-layers <n>                          (default: -1)
[F-b8]   -ncmoe, --n-cpu-moe <n>                           (default: 0)
[F-b8]   -sm, --split-mode <none|layer|row|tensor>         (default: layer)
[F-b8]   -mg, --main-gpu <i>                               (default: 0)
[F-b8]   -nkvo, --no-kv-offload <0|1>                      (default: 0)
[F-b8]   -fa, --flash-attn <on|off|auto>                   (default: auto)
[F-b8]   -dev, --device <dev0/dev1/...>                    (default: auto)
[F-b8]   -lm, --load-mode <auto|none|mmap|mlock|mmap+mlock|dio> (default: auto)
[F-b8]   --tensor-read-lazy <on|auto|off>                  (default: auto)
[F-b8]   -mmp, --mmap <0|1>                                (DEPRECATED IN FAVOUR OF --load-mode)
[F-b8]   -dio, --direct-io <0|1>                           (DEPRECATED IN FAVOUR OF --load-mode)
[F-b8]   -embd, --embeddings <0|1>                         (default: 0)
[F-b8]   -ts, --tensor-split <ts0/ts1/..>                  (default: 0)
[F-b8]   -ot --override-tensor <tensor name pattern>=<buffer type>;...
[F-b8]                                                     (default: disabled)
[F-b8]   -nopo, --no-op-offload <0|1>                      (default: 0)
[F-b8]   --no-host <0|1>                                   (default: 0)
[F-b8] 
[F-b8] Multiple values can be given for each parameter by separating them with ','
[F-b8] or by specifying the parameter multiple times. Ranges can be given as
[F-b8] 'first-last' or 'first-last+step' or 'first-last*mult'.
[F-b8] WARNING: radv is not a conformant Vulkan implementation, testing use only.
[F-b8] ggml_vulkan: Found 1 Vulkan devices:
[F-b8] ggml_vulkan: 0 = AMD Radeon RX 9060 XT (RADV GFX1200) (radv) | uma: 0 | fp16: dot2 | bf16: 1 | fp4: 0 | warp size: 64 | shared memory: 65536 | int dot: 1 | matrix cores: KHR_coopmat
[F-b8] error: invalid range format
[F-b8] error: invalid parameter for argument: -ngl
[F-b8] usage: bench [options]
[F-b8] 
[F-b8] options:
[F-b8]   -h, --help
[F-b8]   --numa <distribute|isolate|numactl>         numa mode (default: disabled)
[F-b8]   -r, --repetitions <n>                       number of times to repeat each test (default: 5)
[F-b8]   --prio <-1|0|1|2|3>                         process/thread priority (default: 0)
[F-b8]   --delay <0...N> (seconds)                   delay between each test (default: 0)
[F-b8]   -o, --output <csv|json|jsonl|md|sql>        output format printed to stdout (default: md)
[F-b8]   -oe, --output-err <csv|json|jsonl|md|sql>   output format printed to stderr (default: none)
[F-b8]   --list-devices                              list available devices and exit
[F-b8]   -v, --verbose                               verbose output
[F-b8]   --progress                                  print test progress indicators
[F-b8]   --no-warmup                                 skip warmup runs before benchmarking
[F-b8]   -fitt, --fit-target <MiB>                   fit model to device memory with this margin per device in MiB (default: off)
[F-b8]   -fitc, --fit-ctx <n>                        minimum ctx size for --fit-target (default: 4096)
[F-b8] 
[F-b8] test parameters:
[F-b8]   -m, --model <filename>                            (default: models/7B/ggml-model-q4_0.gguf)
[F-b8]   -hf, -hfr, --hf-repo <user>/<model>[:quant]       Hugging Face model repository; quant is optional, case-insensitive
[F-b8]                                                     default to Q4_K_M, or falls back to the first file in the repo if Q4_K_M doesn't exist.
[F-b8]                                                     example: ggml-org/GLM-4.7-Flash-GGUF:Q4_K_M
[F-b8]                                                     (default: unused)
[F-b8]   -hff, --hf-file <file>                            Hugging Face model file. If specified, it will override the quant in --hf-repo
[F-b8]                                                     (default: unused)
[F-b8]   -hft, --hf-token <token>                          Hugging Face access token
[F-b8]                                                     (default: value from HF_TOKEN environment variable)
[F-b8]   --offline                                         Offline mode: forces use of cache, prevents network access
[F-b8]                                                     (default: disabled)
[F-b8]   -p, --n-prompt <n>                                (default: 512)
[F-b8]   -n, --n-gen <n>                                   (default: 128)
[F-b8]   -pg <pp,tg>                                       (default: )
[F-b8]   -d, --n-depth <n>                                 (default: 0)
[F-b8]   -b, --batch-size <n>                              (default: 2048)
[F-b8]   -ub, --ubatch-size <n>                            (default: 512)
[F-b8]   -ctk, --cache-type-k <t>                          (default: f16)
[F-b8]   -ctv, --cache-type-v <t>                          (default: f16)
[F-b8]   -t, --threads <n>                                 (default: 6)
[F-b8]   -C, --cpu-mask <hex,hex>                          (default: 0x0)
[F-b8]   --cpu-strict <0|1>                                (default: 0)
[F-b8]   --poll <0...100>                                  (default: 50)
[F-b8]   -ngl, --n-gpu-layers <n>                          (default: -1)
[F-b8]   -ncmoe, --n-cpu-moe <n>                           (default: 0)
[F-b8]   -sm, --split-mode <none|layer|row|tensor>         (default: layer)
[F-b8]   -mg, --main-gpu <i>                               (default: 0)
[F-b8]   -nkvo, --no-kv-offload <0|1>                      (default: 0)
[F-b8]   -fa, --flash-attn <on|off|auto>                   (default: auto)
[F-b8]   -dev, --device <dev0/dev1/...>                    (default: auto)
[F-b8]   -lm, --load-mode <auto|none|mmap|mlock|mmap+mlock|dio> (default: auto)
[F-b8]   --tensor-read-lazy <on|auto|off>                  (default: auto)
[F-b8]   -mmp, --mmap <0|1>                                (DEPRECATED IN FAVOUR OF --load-mode)
[F-b8]   -dio, --direct-io <0|1>                           (DEPRECATED IN FAVOUR OF --load-mode)
[F-b8]   -embd, --embeddings <0|1>                         (default: 0)
[F-b8]   -ts, --tensor-split <ts0/ts1/..>                  (default: 0)
[F-b8]   -ot --override-tensor <tensor name pattern>=<buffer type>;...
[F-b8]                                                     (default: disabled)
[F-b8]   -nopo, --no-op-offload <0|1>                      (default: 0)
[F-b8]   --no-host <0|1>                                   (default: 0)
[F-b8] 
[F-b8] Multiple values can be given for each parameter by separating them with ','
[F-b8] or by specifying the parameter multiple times. Ranges can be given as
[F-b8] 'first-last' or 'first-last+step' or 'first-last*mult'.
[16:53:37] BENCH F-q8: model=Qwen3.8-27B-GSQ-RCO-IQ3_XXS-mtp.gguf args=-t 12 -b 1024 -ub 512 -ctk q8_0 -ctv q5_0
[F-q8] WARNING: radv is not a conformant Vulkan implementation, testing use only.
[F-q8] ggml_vulkan: Found 1 Vulkan devices:
[F-q8] ggml_vulkan: 0 = AMD Radeon RX 9060 XT (RADV GFX1200) (radv) | uma: 0 | fp16: dot2 | bf16: 1 | fp4: 0 | warp size: 64 | shared memory: 65536 | int dot: 1 | matrix cores: KHR_coopmat
[F-q8] error: invalid range format
[F-q8] error: invalid parameter for argument: -ngl
[F-q8] usage: bench [options]
[F-q8] 
[F-q8] options:
[F-q8]   -h, --help
[F-q8]   --numa <distribute|isolate|numactl>         numa mode (default: disabled)
[F-q8]   -r, --repetitions <n>                       number of times to repeat each test (default: 5)
[F-q8]   --prio <-1|0|1|2|3>                         process/thread priority (default: 0)
[F-q8]   --delay <0...N> (seconds)                   delay between each test (default: 0)
[F-q8]   -o, --output <csv|json|jsonl|md|sql>        output format printed to stdout (default: md)
[F-q8]   -oe, --output-err <csv|json|jsonl|md|sql>   output format printed to stderr (default: none)
[F-q8]   --list-devices                              list available devices and exit
[F-q8]   -v, --verbose                               verbose output
[F-q8]   --progress                                  print test progress indicators
[F-q8]   --no-warmup                                 skip warmup runs before benchmarking
[F-q8]   -fitt, --fit-target <MiB>                   fit model to device memory with this margin per device in MiB (default: off)
[F-q8]   -fitc, --fit-ctx <n>                        minimum ctx size for --fit-target (default: 4096)
[F-q8] 
[F-q8] test parameters:
[F-q8]   -m, --model <filename>                            (default: models/7B/ggml-model-q4_0.gguf)
[F-q8]   -hf, -hfr, --hf-repo <user>/<model>[:quant]       Hugging Face model repository; quant is optional, case-insensitive
[F-q8]                                                     default to Q4_K_M, or falls back to the first file in the repo if Q4_K_M doesn't exist.
[F-q8]                                                     example: ggml-org/GLM-4.7-Flash-GGUF:Q4_K_M
[F-q8]                                                     (default: unused)
[F-q8]   -hff, --hf-file <file>                            Hugging Face model file. If specified, it will override the quant in --hf-repo
[F-q8]                                                     (default: unused)
[F-q8]   -hft, --hf-token <token>                          Hugging Face access token
[F-q8]                                                     (default: value from HF_TOKEN environment variable)
[F-q8]   --offline                                         Offline mode: forces use of cache, prevents network access
[F-q8]                                                     (default: disabled)
[F-q8]   -p, --n-prompt <n>                                (default: 512)
[F-q8]   -n, --n-gen <n>                                   (default: 128)
[F-q8]   -pg <pp,tg>                                       (default: )
[F-q8]   -d, --n-depth <n>                                 (default: 0)
[F-q8]   -b, --batch-size <n>                              (default: 2048)
[F-q8]   -ub, --ubatch-size <n>                            (default: 512)
[F-q8]   -ctk, --cache-type-k <t>                          (default: f16)
[F-q8]   -ctv, --cache-type-v <t>                          (default: f16)
[F-q8]   -t, --threads <n>                                 (default: 6)
[F-q8]   -C, --cpu-mask <hex,hex>                          (default: 0x0)
[F-q8]   --cpu-strict <0|1>                                (default: 0)
[F-q8]   --poll <0...100>                                  (default: 50)
[F-q8]   -ngl, --n-gpu-layers <n>                          (default: -1)
[F-q8]   -ncmoe, --n-cpu-moe <n>                           (default: 0)
[F-q8]   -sm, --split-mode <none|layer|row|tensor>         (default: layer)
[F-q8]   -mg, --main-gpu <i>                               (default: 0)
[F-q8]   -nkvo, --no-kv-offload <0|1>                      (default: 0)
[F-q8]   -fa, --flash-attn <on|off|auto>                   (default: auto)
[F-q8]   -dev, --device <dev0/dev1/...>                    (default: auto)
[F-q8]   -lm, --load-mode <auto|none|mmap|mlock|mmap+mlock|dio> (default: auto)
[F-q8]   --tensor-read-lazy <on|auto|off>                  (default: auto)
[F-q8]   -mmp, --mmap <0|1>                                (DEPRECATED IN FAVOUR OF --load-mode)
[F-q8]   -dio, --direct-io <0|1>                           (DEPRECATED IN FAVOUR OF --load-mode)
[F-q8]   -embd, --embeddings <0|1>                         (default: 0)
[F-q8]   -ts, --tensor-split <ts0/ts1/..>                  (default: 0)
[F-q8]   -ot --override-tensor <tensor name pattern>=<buffer type>;...
[F-q8]                                                     (default: disabled)
[F-q8]   -nopo, --no-op-offload <0|1>                      (default: 0)
[F-q8]   --no-host <0|1>                                   (default: 0)
[F-q8] 
[F-q8] Multiple values can be given for each parameter by separating them with ','
[F-q8] or by specifying the parameter multiple times. Ranges can be given as
[F-q8] 'first-last' or 'first-last+step' or 'first-last*mult'.
[F-q8] WARNING: radv is not a conformant Vulkan implementation, testing use only.
[F-q8] ggml_vulkan: Found 1 Vulkan devices:
[F-q8] ggml_vulkan: 0 = AMD Radeon RX 9060 XT (RADV GFX1200) (radv) | uma: 0 | fp16: dot2 | bf16: 1 | fp4: 0 | warp size: 64 | shared memory: 65536 | int dot: 1 | matrix cores: KHR_coopmat
[F-q8] error: invalid range format
[F-q8] error: invalid parameter for argument: -ngl
[F-q8] usage: bench [options]
[F-q8] 
[F-q8] options:
[F-q8]   -h, --help
[F-q8]   --numa <distribute|isolate|numactl>         numa mode (default: disabled)
[F-q8]   -r, --repetitions <n>                       number of times to repeat each test (default: 5)
[F-q8]   --prio <-1|0|1|2|3>                         process/thread priority (default: 0)
[F-q8]   --delay <0...N> (seconds)                   delay between each test (default: 0)
[F-q8]   -o, --output <csv|json|jsonl|md|sql>        output format printed to stdout (default: md)
[F-q8]   -oe, --output-err <csv|json|jsonl|md|sql>   output format printed to stderr (default: none)
[F-q8]   --list-devices                              list available devices and exit
[F-q8]   -v, --verbose                               verbose output
[F-q8]   --progress                                  print test progress indicators
[F-q8]   --no-warmup                                 skip warmup runs before benchmarking
[F-q8]   -fitt, --fit-target <MiB>                   fit model to device memory with this margin per device in MiB (default: off)
[F-q8]   -fitc, --fit-ctx <n>                        minimum ctx size for --fit-target (default: 4096)
[F-q8] 
[F-q8] test parameters:
[F-q8]   -m, --model <filename>                            (default: models/7B/ggml-model-q4_0.gguf)
[F-q8]   -hf, -hfr, --hf-repo <user>/<model>[:quant]       Hugging Face model repository; quant is optional, case-insensitive
[F-q8]                                                     default to Q4_K_M, or falls back to the first file in the repo if Q4_K_M doesn't exist.
[F-q8]                                                     example: ggml-org/GLM-4.7-Flash-GGUF:Q4_K_M
[F-q8]                                                     (default: unused)
[F-q8]   -hff, --hf-file <file>                            Hugging Face model file. If specified, it will override the quant in --hf-repo
[F-q8]                                                     (default: unused)
[F-q8]   -hft, --hf-token <token>                          Hugging Face access token
[F-q8]                                                     (default: value from HF_TOKEN environment variable)
[F-q8]   --offline                                         Offline mode: forces use of cache, prevents network access
[F-q8]                                                     (default: disabled)
[F-q8]   -p, --n-prompt <n>                                (default: 512)
[F-q8]   -n, --n-gen <n>                                   (default: 128)
[F-q8]   -pg <pp,tg>                                       (default: )
[F-q8]   -d, --n-depth <n>                                 (default: 0)
[F-q8]   -b, --batch-size <n>                              (default: 2048)
[F-q8]   -ub, --ubatch-size <n>                            (default: 512)
[F-q8]   -ctk, --cache-type-k <t>                          (default: f16)
[F-q8]   -ctv, --cache-type-v <t>                          (default: f16)
[F-q8]   -t, --threads <n>                                 (default: 6)
[F-q8]   -C, --cpu-mask <hex,hex>                          (default: 0x0)
[F-q8]   --cpu-strict <0|1>                                (default: 0)
[F-q8]   --poll <0...100>                                  (default: 50)
[F-q8]   -ngl, --n-gpu-layers <n>                          (default: -1)
[F-q8]   -ncmoe, --n-cpu-moe <n>                           (default: 0)
[F-q8]   -sm, --split-mode <none|layer|row|tensor>         (default: layer)
[F-q8]   -mg, --main-gpu <i>                               (default: 0)
[F-q8]   -nkvo, --no-kv-offload <0|1>                      (default: 0)
[F-q8]   -fa, --flash-attn <on|off|auto>                   (default: auto)
[F-q8]   -dev, --device <dev0/dev1/...>                    (default: auto)
[F-q8]   -lm, --load-mode <auto|none|mmap|mlock|mmap+mlock|dio> (default: auto)
[F-q8]   --tensor-read-lazy <on|auto|off>                  (default: auto)
[F-q8]   -mmp, --mmap <0|1>                                (DEPRECATED IN FAVOUR OF --load-mode)
[F-q8]   -dio, --direct-io <0|1>                           (DEPRECATED IN FAVOUR OF --load-mode)
[F-q8]   -embd, --embeddings <0|1>                         (default: 0)
[F-q8]   -ts, --tensor-split <ts0/ts1/..>                  (default: 0)
[F-q8]   -ot --override-tensor <tensor name pattern>=<buffer type>;...
[F-q8]                                                     (default: disabled)
[F-q8]   -nopo, --no-op-offload <0|1>                      (default: 0)
[F-q8]   --no-host <0|1>                                   (default: 0)
[F-q8] 
[F-q8] Multiple values can be given for each parameter by separating them with ','
[F-q8] or by specifying the parameter multiple times. Ranges can be given as
[F-q8] 'first-last' or 'first-last+step' or 'first-last*mult'.
[F-q8] WARNING: radv is not a conformant Vulkan implementation, testing use only.
[F-q8] ggml_vulkan: Found 1 Vulkan devices:
[F-q8] ggml_vulkan: 0 = AMD Radeon RX 9060 XT (RADV GFX1200) (radv) | uma: 0 | fp16: dot2 | bf16: 1 | fp4: 0 | warp size: 64 | shared memory: 65536 | int dot: 1 | matrix cores: KHR_coopmat
[F-q8] error: invalid range format
[F-q8] error: invalid parameter for argument: -ngl
[F-q8] usage: bench [options]
[F-q8] 
[F-q8] options:
[F-q8]   -h, --help
[F-q8]   --numa <distribute|isolate|numactl>         numa mode (default: disabled)
[F-q8]   -r, --repetitions <n>                       number of times to repeat each test (default: 5)
[F-q8]   --prio <-1|0|1|2|3>                         process/thread priority (default: 0)
[F-q8]   --delay <0...N> (seconds)                   delay between each test (default: 0)
[F-q8]   -o, --output <csv|json|jsonl|md|sql>        output format printed to stdout (default: md)
[F-q8]   -oe, --output-err <csv|json|jsonl|md|sql>   output format printed to stderr (default: none)
[F-q8]   --list-devices                              list available devices and exit
[F-q8]   -v, --verbose                               verbose output
[F-q8]   --progress                                  print test progress indicators
[F-q8]   --no-warmup                                 skip warmup runs before benchmarking
[F-q8]   -fitt, --fit-target <MiB>                   fit model to device memory with this margin per device in MiB (default: off)
[F-q8]   -fitc, --fit-ctx <n>                        minimum ctx size for --fit-target (default: 4096)
[F-q8] 
[F-q8] test parameters:
[F-q8]   -m, --model <filename>                            (default: models/7B/ggml-model-q4_0.gguf)
[F-q8]   -hf, -hfr, --hf-repo <user>/<model>[:quant]       Hugging Face model repository; quant is optional, case-insensitive
[F-q8]                                                     default to Q4_K_M, or falls back to the first file in the repo if Q4_K_M doesn't exist.
[F-q8]                                                     example: ggml-org/GLM-4.7-Flash-GGUF:Q4_K_M
[F-q8]                                                     (default: unused)
[F-q8]   -hff, --hf-file <file>                            Hugging Face model file. If specified, it will override the quant in --hf-repo
[F-q8]                                                     (default: unused)
[F-q8]   -hft, --hf-token <token>                          Hugging Face access token
[F-q8]                                                     (default: value from HF_TOKEN environment variable)
[F-q8]   --offline                                         Offline mode: forces use of cache, prevents network access
[F-q8]                                                     (default: disabled)
[F-q8]   -p, --n-prompt <n>                                (default: 512)
[F-q8]   -n, --n-gen <n>                                   (default: 128)
[F-q8]   -pg <pp,tg>                                       (default: )
[F-q8]   -d, --n-depth <n>                                 (default: 0)
[F-q8]   -b, --batch-size <n>                              (default: 2048)
[F-q8]   -ub, --ubatch-size <n>                            (default: 512)
[F-q8]   -ctk, --cache-type-k <t>                          (default: f16)
[F-q8]   -ctv, --cache-type-v <t>                          (default: f16)
[F-q8]   -t, --threads <n>                                 (default: 6)
[F-q8]   -C, --cpu-mask <hex,hex>                          (default: 0x0)
[F-q8]   --cpu-strict <0|1>                                (default: 0)
[F-q8]   --poll <0...100>                                  (default: 50)
[F-q8]   -ngl, --n-gpu-layers <n>                          (default: -1)
[F-q8]   -ncmoe, --n-cpu-moe <n>                           (default: 0)
[F-q8]   -sm, --split-mode <none|layer|row|tensor>         (default: layer)
[F-q8]   -mg, --main-gpu <i>                               (default: 0)
[F-q8]   -nkvo, --no-kv-offload <0|1>                      (default: 0)
[F-q8]   -fa, --flash-attn <on|off|auto>                   (default: auto)
[F-q8]   -dev, --device <dev0/dev1/...>                    (default: auto)
[F-q8]   -lm, --load-mode <auto|none|mmap|mlock|mmap+mlock|dio> (default: auto)
[F-q8]   --tensor-read-lazy <on|auto|off>                  (default: auto)
[F-q8]   -mmp, --mmap <0|1>                                (DEPRECATED IN FAVOUR OF --load-mode)
[F-q8]   -dio, --direct-io <0|1>                           (DEPRECATED IN FAVOUR OF --load-mode)
[F-q8]   -embd, --embeddings <0|1>                         (default: 0)
[F-q8]   -ts, --tensor-split <ts0/ts1/..>                  (default: 0)
[F-q8]   -ot --override-tensor <tensor name pattern>=<buffer type>;...
[F-q8]                                                     (default: disabled)
[F-q8]   -nopo, --no-op-offload <0|1>                      (default: 0)
[F-q8]   --no-host <0|1>                                   (default: 0)
[F-q8] 
[F-q8] Multiple values can be given for each parameter by separating them with ','
[F-q8] or by specifying the parameter multiple times. Ranges can be given as
[F-q8] 'first-last' or 'first-last+step' or 'first-last*mult'.
[F-q8] WARNING: radv is not a conformant Vulkan implementation, testing use only.
[F-q8] ggml_vulkan: Found 1 Vulkan devices:
[F-q8] ggml_vulkan: 0 = AMD Radeon RX 9060 XT (RADV GFX1200) (radv) | uma: 0 | fp16: dot2 | bf16: 1 | fp4: 0 | warp size: 64 | shared memory: 65536 | int dot: 1 | matrix cores: KHR_coopmat
[F-q8] error: invalid range format
[F-q8] error: invalid parameter for argument: -ngl
[F-q8] usage: bench [options]
[F-q8] 
[F-q8] options:
[F-q8]   -h, --help
[F-q8]   --numa <distribute|isolate|numactl>         numa mode (default: disabled)
[F-q8]   -r, --repetitions <n>                       number of times to repeat each test (default: 5)
[F-q8]   --prio <-1|0|1|2|3>                         process/thread priority (default: 0)
[F-q8]   --delay <0...N> (seconds)                   delay between each test (default: 0)
[F-q8]   -o, --output <csv|json|jsonl|md|sql>        output format printed to stdout (default: md)
[F-q8]   -oe, --output-err <csv|json|jsonl|md|sql>   output format printed to stderr (default: none)
[F-q8]   --list-devices                              list available devices and exit
[F-q8]   -v, --verbose                               verbose output
[F-q8]   --progress                                  print test progress indicators
[F-q8]   --no-warmup                                 skip warmup runs before benchmarking
[F-q8]   -fitt, --fit-target <MiB>                   fit model to device memory with this margin per device in MiB (default: off)
[F-q8]   -fitc, --fit-ctx <n>                        minimum ctx size for --fit-target (default: 4096)
[F-q8] 
[F-q8] test parameters:
[F-q8]   -m, --model <filename>                            (default: models/7B/ggml-model-q4_0.gguf)
[F-q8]   -hf, -hfr, --hf-repo <user>/<model>[:quant]       Hugging Face model repository; quant is optional, case-insensitive
[F-q8]                                                     default to Q4_K_M, or falls back to the first file in the repo if Q4_K_M doesn't exist.
[F-q8]                                                     example: ggml-org/GLM-4.7-Flash-GGUF:Q4_K_M
[F-q8]                                                     (default: unused)
[F-q8]   -hff, --hf-file <file>                            Hugging Face model file. If specified, it will override the quant in --hf-repo
[F-q8]                                                     (default: unused)
[F-q8]   -hft, --hf-token <token>                          Hugging Face access token
[F-q8]                                                     (default: value from HF_TOKEN environment variable)
[F-q8]   --offline                                         Offline mode: forces use of cache, prevents network access
[F-q8]                                                     (default: disabled)
[F-q8]   -p, --n-prompt <n>                                (default: 512)
[F-q8]   -n, --n-gen <n>                                   (default: 128)
[F-q8]   -pg <pp,tg>                                       (default: )
[F-q8]   -d, --n-depth <n>                                 (default: 0)
[F-q8]   -b, --batch-size <n>                              (default: 2048)
[F-q8]   -ub, --ubatch-size <n>                            (default: 512)
[F-q8]   -ctk, --cache-type-k <t>                          (default: f16)
[F-q8]   -ctv, --cache-type-v <t>                          (default: f16)
[F-q8]   -t, --threads <n>                                 (default: 6)
[F-q8]   -C, --cpu-mask <hex,hex>                          (default: 0x0)
[F-q8]   --cpu-strict <0|1>                                (default: 0)
[F-q8]   --poll <0...100>                                  (default: 50)
[F-q8]   -ngl, --n-gpu-layers <n>                          (default: -1)
[F-q8]   -ncmoe, --n-cpu-moe <n>                           (default: 0)
[F-q8]   -sm, --split-mode <none|layer|row|tensor>         (default: layer)
[F-q8]   -mg, --main-gpu <i>                               (default: 0)
[F-q8]   -nkvo, --no-kv-offload <0|1>                      (default: 0)
[F-q8]   -fa, --flash-attn <on|off|auto>                   (default: auto)
[F-q8]   -dev, --device <dev0/dev1/...>                    (default: auto)
[F-q8]   -lm, --load-mode <auto|none|mmap|mlock|mmap+mlock|dio> (default: auto)
[F-q8]   --tensor-read-lazy <on|auto|off>                  (default: auto)
[F-q8]   -mmp, --mmap <0|1>                                (DEPRECATED IN FAVOUR OF --load-mode)
[F-q8]   -dio, --direct-io <0|1>                           (DEPRECATED IN FAVOUR OF --load-mode)
[F-q8]   -embd, --embeddings <0|1>                         (default: 0)
[F-q8]   -ts, --tensor-split <ts0/ts1/..>                  (default: 0)
[F-q8]   -ot --override-tensor <tensor name pattern>=<buffer type>;...
[F-q8]                                                     (default: disabled)
[F-q8]   -nopo, --no-op-offload <0|1>                      (default: 0)
[F-q8]   --no-host <0|1>                                   (default: 0)
[F-q8] 
[F-q8] Multiple values can be given for each parameter by separating them with ','
[F-q8] or by specifying the parameter multiple times. Ranges can be given as
[F-q8] 'first-last' or 'first-last+step' or 'first-last*mult'.
[16:53:38] PERPLEXITY fast q5 KV:
0.10.607.860 I perplexity: calculating perplexity over 25 chunks, n_ctx=4096, batch_size=2048, n_seq=1
0.20.209.430 I perplexity: 9.60 seconds per pass - ETA 4.00 minutes
[1]6.0937,[2]5.4108,[3]5.3279,[4]5.2297,[5]4.8065,[6]4.9586,[7]5.0095,[8]5.0370,[9]5.1347,[10]5.1056,[11]5.0385,[12]5.0507,[13]5.0297,[14]4.9802,[15]4.9454,[16]4.9634,[17]4.9877,[18]4.9804,[19]4.9718,[20]5.0025,[21]5.0280,[22]5.0515,[23]5.0736,[24]5.0925,[25]4.8384,
3.39.885.524 I Final estimate: PPL = 4.8384 +/- 0.04493

[16:57:18] PERPLEXITY fast q8 K:
0.09.624.720 I perplexity: calculating perplexity over 25 chunks, n_ctx=4096, batch_size=2048, n_seq=1
0.18.995.435 I perplexity: 9.37 seconds per pass - ETA 3.90 minutes
[1]6.0836,[2]5.4100,[3]5.3340,[4]5.2368,[5]4.8101,[6]4.9584,[7]5.0103,[8]5.0371,[9]5.1334,[10]5.1021,[11]5.0365,[12]5.0489,[13]5.0271,[14]4.9780,[15]4.9423,[16]4.9602,[17]4.9856,[18]4.9776,[19]4.9686,[20]4.9990,[21]5.0244,[22]5.0475,[23]5.0699,[24]5.0881,[25]4.8341,
3.37.092.743 I Final estimate: PPL = 4.8341 +/- 0.04488

[17:00:55] BENCH L0: model=Qwen3.8-27B-GSQ-RCO-IQ3_S.gguf args=-t 12 -b 1024 -ub 512 -ctk q5_0 -ctv q5_0
[L0] WARNING: radv is not a conformant Vulkan implementation, testing use only.
[L0] ggml_vulkan: Found 1 Vulkan devices:
[L0] ggml_vulkan: 0 = AMD Radeon RX 9060 XT (RADV GFX1200) (radv) | uma: 0 | fp16: dot2 | bf16: 1 | fp4: 0 | warp size: 64 | shared memory: 65536 | int dot: 1 | matrix cores: KHR_coopmat
[L0] error: invalid range format
[L0] error: invalid parameter for argument: -ngl
[L0] usage: bench [options]
[L0] 
[L0] options:
[L0]   -h, --help
[L0]   --numa <distribute|isolate|numactl>         numa mode (default: disabled)
[L0]   -r, --repetitions <n>                       number of times to repeat each test (default: 5)
[L0]   --prio <-1|0|1|2|3>                         process/thread priority (default: 0)
[L0]   --delay <0...N> (seconds)                   delay between each test (default: 0)
[L0]   -o, --output <csv|json|jsonl|md|sql>        output format printed to stdout (default: md)
[L0]   -oe, --output-err <csv|json|jsonl|md|sql>   output format printed to stderr (default: none)
[L0]   --list-devices                              list available devices and exit
[L0]   -v, --verbose                               verbose output
[L0]   --progress                                  print test progress indicators
[L0]   --no-warmup                                 skip warmup runs before benchmarking
[L0]   -fitt, --fit-target <MiB>                   fit model to device memory with this margin per device in MiB (default: off)
[L0]   -fitc, --fit-ctx <n>                        minimum ctx size for --fit-target (default: 4096)
[L0] 
[L0] test parameters:
[L0]   -m, --model <filename>                            (default: models/7B/ggml-model-q4_0.gguf)
[L0]   -hf, -hfr, --hf-repo <user>/<model>[:quant]       Hugging Face model repository; quant is optional, case-insensitive
[L0]                                                     default to Q4_K_M, or falls back to the first file in the repo if Q4_K_M doesn't exist.
[L0]                                                     example: ggml-org/GLM-4.7-Flash-GGUF:Q4_K_M
[L0]                                                     (default: unused)
[L0]   -hff, --hf-file <file>                            Hugging Face model file. If specified, it will override the quant in --hf-repo
[L0]                                                     (default: unused)
[L0]   -hft, --hf-token <token>                          Hugging Face access token
[L0]                                                     (default: value from HF_TOKEN environment variable)
[L0]   --offline                                         Offline mode: forces use of cache, prevents network access
[L0]                                                     (default: disabled)
[L0]   -p, --n-prompt <n>                                (default: 512)
[L0]   -n, --n-gen <n>                                   (default: 128)
[L0]   -pg <pp,tg>                                       (default: )
[L0]   -d, --n-depth <n>                                 (default: 0)
[L0]   -b, --batch-size <n>                              (default: 2048)
[L0]   -ub, --ubatch-size <n>                            (default: 512)
[L0]   -ctk, --cache-type-k <t>                          (default: f16)
[L0]   -ctv, --cache-type-v <t>                          (default: f16)
[L0]   -t, --threads <n>                                 (default: 6)
[L0]   -C, --cpu-mask <hex,hex>                          (default: 0x0)
[L0]   --cpu-strict <0|1>                                (default: 0)
[L0]   --poll <0...100>                                  (default: 50)
[L0]   -ngl, --n-gpu-layers <n>                          (default: -1)
[L0]   -ncmoe, --n-cpu-moe <n>                           (default: 0)
[L0]   -sm, --split-mode <none|layer|row|tensor>         (default: layer)
[L0]   -mg, --main-gpu <i>                               (default: 0)
[L0]   -nkvo, --no-kv-offload <0|1>                      (default: 0)
[L0]   -fa, --flash-attn <on|off|auto>                   (default: auto)
[L0]   -dev, --device <dev0/dev1/...>                    (default: auto)
[L0]   -lm, --load-mode <auto|none|mmap|mlock|mmap+mlock|dio> (default: auto)
[L0]   --tensor-read-lazy <on|auto|off>                  (default: auto)
[L0]   -mmp, --mmap <0|1>                                (DEPRECATED IN FAVOUR OF --load-mode)
[L0]   -dio, --direct-io <0|1>                           (DEPRECATED IN FAVOUR OF --load-mode)
[L0]   -embd, --embeddings <0|1>                         (default: 0)
[L0]   -ts, --tensor-split <ts0/ts1/..>                  (default: 0)
[L0]   -ot --override-tensor <tensor name pattern>=<buffer type>;...
[L0]                                                     (default: disabled)
[L0]   -nopo, --no-op-offload <0|1>                      (default: 0)
[L0]   --no-host <0|1>                                   (default: 0)
[L0] 
[L0] Multiple values can be given for each parameter by separating them with ','
[L0] or by specifying the parameter multiple times. Ranges can be given as
[L0] 'first-last' or 'first-last+step' or 'first-last*mult'.
[L0] WARNING: radv is not a conformant Vulkan implementation, testing use only.
[L0] ggml_vulkan: Found 1 Vulkan devices:
[L0] ggml_vulkan: 0 = AMD Radeon RX 9060 XT (RADV GFX1200) (radv) | uma: 0 | fp16: dot2 | bf16: 1 | fp4: 0 | warp size: 64 | shared memory: 65536 | int dot: 1 | matrix cores: KHR_coopmat
[L0] error: invalid range format
[L0] error: invalid parameter for argument: -ngl
[L0] usage: bench [options]
[L0] 
[L0] options:
[L0]   -h, --help
[L0]   --numa <distribute|isolate|numactl>         numa mode (default: disabled)
[L0]   -r, --repetitions <n>                       number of times to repeat each test (default: 5)
[L0]   --prio <-1|0|1|2|3>                         process/thread priority (default: 0)
[L0]   --delay <0...N> (seconds)                   delay between each test (default: 0)
[L0]   -o, --output <csv|json|jsonl|md|sql>        output format printed to stdout (default: md)
[L0]   -oe, --output-err <csv|json|jsonl|md|sql>   output format printed to stderr (default: none)
[L0]   --list-devices                              list available devices and exit
[L0]   -v, --verbose                               verbose output
[L0]   --progress                                  print test progress indicators
[L0]   --no-warmup                                 skip warmup runs before benchmarking
[L0]   -fitt, --fit-target <MiB>                   fit model to device memory with this margin per device in MiB (default: off)
[L0]   -fitc, --fit-ctx <n>                        minimum ctx size for --fit-target (default: 4096)
[L0] 
[L0] test parameters:
[L0]   -m, --model <filename>                            (default: models/7B/ggml-model-q4_0.gguf)
[L0]   -hf, -hfr, --hf-repo <user>/<model>[:quant]       Hugging Face model repository; quant is optional, case-insensitive
[L0]                                                     default to Q4_K_M, or falls back to the first file in the repo if Q4_K_M doesn't exist.
[L0]                                                     example: ggml-org/GLM-4.7-Flash-GGUF:Q4_K_M
[L0]                                                     (default: unused)
[L0]   -hff, --hf-file <file>                            Hugging Face model file. If specified, it will override the quant in --hf-repo
[L0]                                                     (default: unused)
[L0]   -hft, --hf-token <token>                          Hugging Face access token
[L0]                                                     (default: value from HF_TOKEN environment variable)
[L0]   --offline                                         Offline mode: forces use of cache, prevents network access
[L0]                                                     (default: disabled)
[L0]   -p, --n-prompt <n>                                (default: 512)
[L0]   -n, --n-gen <n>                                   (default: 128)
[L0]   -pg <pp,tg>                                       (default: )
[L0]   -d, --n-depth <n>                                 (default: 0)
[L0]   -b, --batch-size <n>                              (default: 2048)
[L0]   -ub, --ubatch-size <n>                            (default: 512)
[L0]   -ctk, --cache-type-k <t>                          (default: f16)
[L0]   -ctv, --cache-type-v <t>                          (default: f16)
[L0]   -t, --threads <n>                                 (default: 6)
[L0]   -C, --cpu-mask <hex,hex>                          (default: 0x0)
[L0]   --cpu-strict <0|1>                                (default: 0)
[L0]   --poll <0...100>                                  (default: 50)
[L0]   -ngl, --n-gpu-layers <n>                          (default: -1)
[L0]   -ncmoe, --n-cpu-moe <n>                           (default: 0)
[L0]   -sm, --split-mode <none|layer|row|tensor>         (default: layer)
[L0]   -mg, --main-gpu <i>                               (default: 0)
[L0]   -nkvo, --no-kv-offload <0|1>                      (default: 0)
[L0]   -fa, --flash-attn <on|off|auto>                   (default: auto)
[L0]   -dev, --device <dev0/dev1/...>                    (default: auto)
[L0]   -lm, --load-mode <auto|none|mmap|mlock|mmap+mlock|dio> (default: auto)
[L0]   --tensor-read-lazy <on|auto|off>                  (default: auto)
[L0]   -mmp, --mmap <0|1>                                (DEPRECATED IN FAVOUR OF --load-mode)
[L0]   -dio, --direct-io <0|1>                           (DEPRECATED IN FAVOUR OF --load-mode)
[L0]   -embd, --embeddings <0|1>                         (default: 0)
[L0]   -ts, --tensor-split <ts0/ts1/..>                  (default: 0)
[L0]   -ot --override-tensor <tensor name pattern>=<buffer type>;...
[L0]                                                     (default: disabled)
[L0]   -nopo, --no-op-offload <0|1>                      (default: 0)
[L0]   --no-host <0|1>                                   (default: 0)
[L0] 
[L0] Multiple values can be given for each parameter by separating them with ','
[L0] or by specifying the parameter multiple times. Ranges can be given as
[L0] 'first-last' or 'first-last+step' or 'first-last*mult'.
[L0] WARNING: radv is not a conformant Vulkan implementation, testing use only.
[L0] ggml_vulkan: Found 1 Vulkan devices:
[L0] ggml_vulkan: 0 = AMD Radeon RX 9060 XT (RADV GFX1200) (radv) | uma: 0 | fp16: dot2 | bf16: 1 | fp4: 0 | warp size: 64 | shared memory: 65536 | int dot: 1 | matrix cores: KHR_coopmat
[L0] error: invalid range format
[L0] error: invalid parameter for argument: -ngl
[L0] usage: bench [options]
[L0] 
[L0] options:
[L0]   -h, --help
[L0]   --numa <distribute|isolate|numactl>         numa mode (default: disabled)
[L0]   -r, --repetitions <n>                       number of times to repeat each test (default: 5)
[L0]   --prio <-1|0|1|2|3>                         process/thread priority (default: 0)
[L0]   --delay <0...N> (seconds)                   delay between each test (default: 0)
[L0]   -o, --output <csv|json|jsonl|md|sql>        output format printed to stdout (default: md)
[L0]   -oe, --output-err <csv|json|jsonl|md|sql>   output format printed to stderr (default: none)
[L0]   --list-devices                              list available devices and exit
[L0]   -v, --verbose                               verbose output
[L0]   --progress                                  print test progress indicators
[L0]   --no-warmup                                 skip warmup runs before benchmarking
[L0]   -fitt, --fit-target <MiB>                   fit model to device memory with this margin per device in MiB (default: off)
[L0]   -fitc, --fit-ctx <n>                        minimum ctx size for --fit-target (default: 4096)
[L0] 
[L0] test parameters:
[L0]   -m, --model <filename>                            (default: models/7B/ggml-model-q4_0.gguf)
[L0]   -hf, -hfr, --hf-repo <user>/<model>[:quant]       Hugging Face model repository; quant is optional, case-insensitive
[L0]                                                     default to Q4_K_M, or falls back to the first file in the repo if Q4_K_M doesn't exist.
[L0]                                                     example: ggml-org/GLM-4.7-Flash-GGUF:Q4_K_M
[L0]                                                     (default: unused)
[L0]   -hff, --hf-file <file>                            Hugging Face model file. If specified, it will override the quant in --hf-repo
[L0]                                                     (default: unused)
[L0]   -hft, --hf-token <token>                          Hugging Face access token
[L0]                                                     (default: value from HF_TOKEN environment variable)
[L0]   --offline                                         Offline mode: forces use of cache, prevents network access
[L0]                                                     (default: disabled)
[L0]   -p, --n-prompt <n>                                (default: 512)
[L0]   -n, --n-gen <n>                                   (default: 128)
[L0]   -pg <pp,tg>                                       (default: )
[L0]   -d, --n-depth <n>                                 (default: 0)
[L0]   -b, --batch-size <n>                              (default: 2048)
[L0]   -ub, --ubatch-size <n>                            (default: 512)
[L0]   -ctk, --cache-type-k <t>                          (default: f16)
[L0]   -ctv, --cache-type-v <t>                          (default: f16)
[L0]   -t, --threads <n>                                 (default: 6)
[L0]   -C, --cpu-mask <hex,hex>                          (default: 0x0)
[L0]   --cpu-strict <0|1>                                (default: 0)
[L0]   --poll <0...100>                                  (default: 50)
[L0]   -ngl, --n-gpu-layers <n>                          (default: -1)
[L0]   -ncmoe, --n-cpu-moe <n>                           (default: 0)
[L0]   -sm, --split-mode <none|layer|row|tensor>         (default: layer)
[L0]   -mg, --main-gpu <i>                               (default: 0)
[L0]   -nkvo, --no-kv-offload <0|1>                      (default: 0)
[L0]   -fa, --flash-attn <on|off|auto>                   (default: auto)
[L0]   -dev, --device <dev0/dev1/...>                    (default: auto)
[L0]   -lm, --load-mode <auto|none|mmap|mlock|mmap+mlock|dio> (default: auto)
[L0]   --tensor-read-lazy <on|auto|off>                  (default: auto)
[L0]   -mmp, --mmap <0|1>                                (DEPRECATED IN FAVOUR OF --load-mode)
[L0]   -dio, --direct-io <0|1>                           (DEPRECATED IN FAVOUR OF --load-mode)
[L0]   -embd, --embeddings <0|1>                         (default: 0)
[L0]   -ts, --tensor-split <ts0/ts1/..>                  (default: 0)
[L0]   -ot --override-tensor <tensor name pattern>=<buffer type>;...
[L0]                                                     (default: disabled)
[L0]   -nopo, --no-op-offload <0|1>                      (default: 0)
[L0]   --no-host <0|1>                                   (default: 0)
[L0] 
[L0] Multiple values can be given for each parameter by separating them with ','
[L0] or by specifying the parameter multiple times. Ranges can be given as
[L0] 'first-last' or 'first-last+step' or 'first-last*mult'.
[L0] WARNING: radv is not a conformant Vulkan implementation, testing use only.
[L0] ggml_vulkan: Found 1 Vulkan devices:
[L0] ggml_vulkan: 0 = AMD Radeon RX 9060 XT (RADV GFX1200) (radv) | uma: 0 | fp16: dot2 | bf16: 1 | fp4: 0 | warp size: 64 | shared memory: 65536 | int dot: 1 | matrix cores: KHR_coopmat
[L0] error: invalid range format
[L0] error: invalid parameter for argument: -ngl
[L0] usage: bench [options]
[L0] 
[L0] options:
[L0]   -h, --help
[L0]   --numa <distribute|isolate|numactl>         numa mode (default: disabled)
[L0]   -r, --repetitions <n>                       number of times to repeat each test (default: 5)
[L0]   --prio <-1|0|1|2|3>                         process/thread priority (default: 0)
[L0]   --delay <0...N> (seconds)                   delay between each test (default: 0)
[L0]   -o, --output <csv|json|jsonl|md|sql>        output format printed to stdout (default: md)
[L0]   -oe, --output-err <csv|json|jsonl|md|sql>   output format printed to stderr (default: none)
[L0]   --list-devices                              list available devices and exit
[L0]   -v, --verbose                               verbose output
[L0]   --progress                                  print test progress indicators
[L0]   --no-warmup                                 skip warmup runs before benchmarking
[L0]   -fitt, --fit-target <MiB>                   fit model to device memory with this margin per device in MiB (default: off)
[L0]   -fitc, --fit-ctx <n>                        minimum ctx size for --fit-target (default: 4096)
[L0] 
[L0] test parameters:
[L0]   -m, --model <filename>                            (default: models/7B/ggml-model-q4_0.gguf)
[L0]   -hf, -hfr, --hf-repo <user>/<model>[:quant]       Hugging Face model repository; quant is optional, case-insensitive
[L0]                                                     default to Q4_K_M, or falls back to the first file in the repo if Q4_K_M doesn't exist.
[L0]                                                     example: ggml-org/GLM-4.7-Flash-GGUF:Q4_K_M
[L0]                                                     (default: unused)
[L0]   -hff, --hf-file <file>                            Hugging Face model file. If specified, it will override the quant in --hf-repo
[L0]                                                     (default: unused)
[L0]   -hft, --hf-token <token>                          Hugging Face access token
[L0]                                                     (default: value from HF_TOKEN environment variable)
[L0]   --offline                                         Offline mode: forces use of cache, prevents network access
[L0]                                                     (default: disabled)
[L0]   -p, --n-prompt <n>                                (default: 512)
[L0]   -n, --n-gen <n>                                   (default: 128)
[L0]   -pg <pp,tg>                                       (default: )
[L0]   -d, --n-depth <n>                                 (default: 0)
[L0]   -b, --batch-size <n>                              (default: 2048)
[L0]   -ub, --ubatch-size <n>                            (default: 512)
[L0]   -ctk, --cache-type-k <t>                          (default: f16)
[L0]   -ctv, --cache-type-v <t>                          (default: f16)
[L0]   -t, --threads <n>                                 (default: 6)
[L0]   -C, --cpu-mask <hex,hex>                          (default: 0x0)
[L0]   --cpu-strict <0|1>                                (default: 0)
[L0]   --poll <0...100>                                  (default: 50)
[L0]   -ngl, --n-gpu-layers <n>                          (default: -1)
[L0]   -ncmoe, --n-cpu-moe <n>                           (default: 0)
[L0]   -sm, --split-mode <none|layer|row|tensor>         (default: layer)
[L0]   -mg, --main-gpu <i>                               (default: 0)
[L0]   -nkvo, --no-kv-offload <0|1>                      (default: 0)
[L0]   -fa, --flash-attn <on|off|auto>                   (default: auto)
[L0]   -dev, --device <dev0/dev1/...>                    (default: auto)
[L0]   -lm, --load-mode <auto|none|mmap|mlock|mmap+mlock|dio> (default: auto)
[L0]   --tensor-read-lazy <on|auto|off>                  (default: auto)
[L0]   -mmp, --mmap <0|1>                                (DEPRECATED IN FAVOUR OF --load-mode)
[L0]   -dio, --direct-io <0|1>                           (DEPRECATED IN FAVOUR OF --load-mode)
[L0]   -embd, --embeddings <0|1>                         (default: 0)
[L0]   -ts, --tensor-split <ts0/ts1/..>                  (default: 0)
[L0]   -ot --override-tensor <tensor name pattern>=<buffer type>;...
[L0]                                                     (default: disabled)
[L0]   -nopo, --no-op-offload <0|1>                      (default: 0)
[L0]   --no-host <0|1>                                   (default: 0)
[L0] 
[L0] Multiple values can be given for each parameter by separating them with ','
[L0] or by specifying the parameter multiple times. Ranges can be given as
[L0] 'first-last' or 'first-last+step' or 'first-last*mult'.
[17:00:55] BENCH L-t6: model=Qwen3.8-27B-GSQ-RCO-IQ3_S.gguf args=-t 6 -b 1024 -ub 512 -ctk q5_0 -ctv q5_0
[L-t6] WARNING: radv is not a conformant Vulkan implementation, testing use only.
[L-t6] ggml_vulkan: Found 1 Vulkan devices:
[L-t6] ggml_vulkan: 0 = AMD Radeon RX 9060 XT (RADV GFX1200) (radv) | uma: 0 | fp16: dot2 | bf16: 1 | fp4: 0 | warp size: 64 | shared memory: 65536 | int dot: 1 | matrix cores: KHR_coopmat
[L-t6] error: invalid range format
[L-t6] error: invalid parameter for argument: -ngl
[L-t6] usage: bench [options]
[L-t6] 
[L-t6] options:
[L-t6]   -h, --help
[L-t6]   --numa <distribute|isolate|numactl>         numa mode (default: disabled)
[L-t6]   -r, --repetitions <n>                       number of times to repeat each test (default: 5)
[L-t6]   --prio <-1|0|1|2|3>                         process/thread priority (default: 0)
[L-t6]   --delay <0...N> (seconds)                   delay between each test (default: 0)
[L-t6]   -o, --output <csv|json|jsonl|md|sql>        output format printed to stdout (default: md)
[L-t6]   -oe, --output-err <csv|json|jsonl|md|sql>   output format printed to stderr (default: none)
[L-t6]   --list-devices                              list available devices and exit
[L-t6]   -v, --verbose                               verbose output
[L-t6]   --progress                                  print test progress indicators
[L-t6]   --no-warmup                                 skip warmup runs before benchmarking
[L-t6]   -fitt, --fit-target <MiB>                   fit model to device memory with this margin per device in MiB (default: off)
[L-t6]   -fitc, --fit-ctx <n>                        minimum ctx size for --fit-target (default: 4096)
[L-t6] 
[L-t6] test parameters:
[L-t6]   -m, --model <filename>                            (default: models/7B/ggml-model-q4_0.gguf)
[L-t6]   -hf, -hfr, --hf-repo <user>/<model>[:quant]       Hugging Face model repository; quant is optional, case-insensitive
[L-t6]                                                     default to Q4_K_M, or falls back to the first file in the repo if Q4_K_M doesn't exist.
[L-t6]                                                     example: ggml-org/GLM-4.7-Flash-GGUF:Q4_K_M
[L-t6]                                                     (default: unused)
[L-t6]   -hff, --hf-file <file>                            Hugging Face model file. If specified, it will override the quant in --hf-repo
[L-t6]                                                     (default: unused)
[L-t6]   -hft, --hf-token <token>                          Hugging Face access token
[L-t6]                                                     (default: value from HF_TOKEN environment variable)
[L-t6]   --offline                                         Offline mode: forces use of cache, prevents network access
[L-t6]                                                     (default: disabled)
[L-t6]   -p, --n-prompt <n>                                (default: 512)
[L-t6]   -n, --n-gen <n>                                   (default: 128)
[L-t6]   -pg <pp,tg>                                       (default: )
[L-t6]   -d, --n-depth <n>                                 (default: 0)
[L-t6]   -b, --batch-size <n>                              (default: 2048)
[L-t6]   -ub, --ubatch-size <n>                            (default: 512)
[L-t6]   -ctk, --cache-type-k <t>                          (default: f16)
[L-t6]   -ctv, --cache-type-v <t>                          (default: f16)
[L-t6]   -t, --threads <n>                                 (default: 6)
[L-t6]   -C, --cpu-mask <hex,hex>                          (default: 0x0)
[L-t6]   --cpu-strict <0|1>                                (default: 0)
[L-t6]   --poll <0...100>                                  (default: 50)
[L-t6]   -ngl, --n-gpu-layers <n>                          (default: -1)
[L-t6]   -ncmoe, --n-cpu-moe <n>                           (default: 0)
[L-t6]   -sm, --split-mode <none|layer|row|tensor>         (default: layer)
[L-t6]   -mg, --main-gpu <i>                               (default: 0)
[L-t6]   -nkvo, --no-kv-offload <0|1>                      (default: 0)
[L-t6]   -fa, --flash-attn <on|off|auto>                   (default: auto)
[L-t6]   -dev, --device <dev0/dev1/...>                    (default: auto)
[L-t6]   -lm, --load-mode <auto|none|mmap|mlock|mmap+mlock|dio> (default: auto)
[L-t6]   --tensor-read-lazy <on|auto|off>                  (default: auto)
[L-t6]   -mmp, --mmap <0|1>                                (DEPRECATED IN FAVOUR OF --load-mode)
[L-t6]   -dio, --direct-io <0|1>                           (DEPRECATED IN FAVOUR OF --load-mode)
[L-t6]   -embd, --embeddings <0|1>                         (default: 0)
[L-t6]   -ts, --tensor-split <ts0/ts1/..>                  (default: 0)
[L-t6]   -ot --override-tensor <tensor name pattern>=<buffer type>;...
[L-t6]                                                     (default: disabled)
[L-t6]   -nopo, --no-op-offload <0|1>                      (default: 0)
[L-t6]   --no-host <0|1>                                   (default: 0)
[L-t6] 
[L-t6] Multiple values can be given for each parameter by separating them with ','
[L-t6] or by specifying the parameter multiple times. Ranges can be given as
[L-t6] 'first-last' or 'first-last+step' or 'first-last*mult'.
[L-t6] WARNING: radv is not a conformant Vulkan implementation, testing use only.
[L-t6] ggml_vulkan: Found 1 Vulkan devices:
[L-t6] ggml_vulkan: 0 = AMD Radeon RX 9060 XT (RADV GFX1200) (radv) | uma: 0 | fp16: dot2 | bf16: 1 | fp4: 0 | warp size: 64 | shared memory: 65536 | int dot: 1 | matrix cores: KHR_coopmat
[L-t6] error: invalid range format
[L-t6] error: invalid parameter for argument: -ngl
[L-t6] usage: bench [options]
[L-t6] 
[L-t6] options:
[L-t6]   -h, --help
[L-t6]   --numa <distribute|isolate|numactl>         numa mode (default: disabled)
[L-t6]   -r, --repetitions <n>                       number of times to repeat each test (default: 5)
[L-t6]   --prio <-1|0|1|2|3>                         process/thread priority (default: 0)
[L-t6]   --delay <0...N> (seconds)                   delay between each test (default: 0)
[L-t6]   -o, --output <csv|json|jsonl|md|sql>        output format printed to stdout (default: md)
[L-t6]   -oe, --output-err <csv|json|jsonl|md|sql>   output format printed to stderr (default: none)
[L-t6]   --list-devices                              list available devices and exit
[L-t6]   -v, --verbose                               verbose output
[L-t6]   --progress                                  print test progress indicators
[L-t6]   --no-warmup                                 skip warmup runs before benchmarking
[L-t6]   -fitt, --fit-target <MiB>                   fit model to device memory with this margin per device in MiB (default: off)
[L-t6]   -fitc, --fit-ctx <n>                        minimum ctx size for --fit-target (default: 4096)
[L-t6] 
[L-t6] test parameters:
[L-t6]   -m, --model <filename>                            (default: models/7B/ggml-model-q4_0.gguf)
[L-t6]   -hf, -hfr, --hf-repo <user>/<model>[:quant]       Hugging Face model repository; quant is optional, case-insensitive
[L-t6]                                                     default to Q4_K_M, or falls back to the first file in the repo if Q4_K_M doesn't exist.
[L-t6]                                                     example: ggml-org/GLM-4.7-Flash-GGUF:Q4_K_M
[L-t6]                                                     (default: unused)
[L-t6]   -hff, --hf-file <file>                            Hugging Face model file. If specified, it will override the quant in --hf-repo
[L-t6]                                                     (default: unused)
[L-t6]   -hft, --hf-token <token>                          Hugging Face access token
[L-t6]                                                     (default: value from HF_TOKEN environment variable)
[L-t6]   --offline                                         Offline mode: forces use of cache, prevents network access
[L-t6]                                                     (default: disabled)
[L-t6]   -p, --n-prompt <n>                                (default: 512)
[L-t6]   -n, --n-gen <n>                                   (default: 128)
[L-t6]   -pg <pp,tg>                                       (default: )
[L-t6]   -d, --n-depth <n>                                 (default: 0)
[L-t6]   -b, --batch-size <n>                              (default: 2048)
[L-t6]   -ub, --ubatch-size <n>                            (default: 512)
[L-t6]   -ctk, --cache-type-k <t>                          (default: f16)
[L-t6]   -ctv, --cache-type-v <t>                          (default: f16)
[L-t6]   -t, --threads <n>                                 (default: 6)
[L-t6]   -C, --cpu-mask <hex,hex>                          (default: 0x0)
[L-t6]   --cpu-strict <0|1>                                (default: 0)
[L-t6]   --poll <0...100>                                  (default: 50)
[L-t6]   -ngl, --n-gpu-layers <n>                          (default: -1)
[L-t6]   -ncmoe, --n-cpu-moe <n>                           (default: 0)
[L-t6]   -sm, --split-mode <none|layer|row|tensor>         (default: layer)
[L-t6]   -mg, --main-gpu <i>                               (default: 0)
[L-t6]   -nkvo, --no-kv-offload <0|1>                      (default: 0)
[L-t6]   -fa, --flash-attn <on|off|auto>                   (default: auto)
[L-t6]   -dev, --device <dev0/dev1/...>                    (default: auto)
[L-t6]   -lm, --load-mode <auto|none|mmap|mlock|mmap+mlock|dio> (default: auto)
[L-t6]   --tensor-read-lazy <on|auto|off>                  (default: auto)
[L-t6]   -mmp, --mmap <0|1>                                (DEPRECATED IN FAVOUR OF --load-mode)
[L-t6]   -dio, --direct-io <0|1>                           (DEPRECATED IN FAVOUR OF --load-mode)
[L-t6]   -embd, --embeddings <0|1>                         (default: 0)
[L-t6]   -ts, --tensor-split <ts0/ts1/..>                  (default: 0)
[L-t6]   -ot --override-tensor <tensor name pattern>=<buffer type>;...
[L-t6]                                                     (default: disabled)
[L-t6]   -nopo, --no-op-offload <0|1>                      (default: 0)
[L-t6]   --no-host <0|1>                                   (default: 0)
[L-t6] 
[L-t6] Multiple values can be given for each parameter by separating them with ','
[L-t6] or by specifying the parameter multiple times. Ranges can be given as
[L-t6] 'first-last' or 'first-last+step' or 'first-last*mult'.
[L-t6] WARNING: radv is not a conformant Vulkan implementation, testing use only.
[L-t6] ggml_vulkan: Found 1 Vulkan devices:
[L-t6] ggml_vulkan: 0 = AMD Radeon RX 9060 XT (RADV GFX1200) (radv) | uma: 0 | fp16: dot2 | bf16: 1 | fp4: 0 | warp size: 64 | shared memory: 65536 | int dot: 1 | matrix cores: KHR_coopmat
[L-t6] error: invalid range format
[L-t6] error: invalid parameter for argument: -ngl
[L-t6] usage: bench [options]
[L-t6] 
[L-t6] options:
[L-t6]   -h, --help
[L-t6]   --numa <distribute|isolate|numactl>         numa mode (default: disabled)
[L-t6]   -r, --repetitions <n>                       number of times to repeat each test (default: 5)
[L-t6]   --prio <-1|0|1|2|3>                         process/thread priority (default: 0)
[L-t6]   --delay <0...N> (seconds)                   delay between each test (default: 0)
[L-t6]   -o, --output <csv|json|jsonl|md|sql>        output format printed to stdout (default: md)
[L-t6]   -oe, --output-err <csv|json|jsonl|md|sql>   output format printed to stderr (default: none)
[L-t6]   --list-devices                              list available devices and exit
[L-t6]   -v, --verbose                               verbose output
[L-t6]   --progress                                  print test progress indicators
[L-t6]   --no-warmup                                 skip warmup runs before benchmarking
[L-t6]   -fitt, --fit-target <MiB>                   fit model to device memory with this margin per device in MiB (default: off)
[L-t6]   -fitc, --fit-ctx <n>                        minimum ctx size for --fit-target (default: 4096)
[L-t6] 
[L-t6] test parameters:
[L-t6]   -m, --model <filename>                            (default: models/7B/ggml-model-q4_0.gguf)
[L-t6]   -hf, -hfr, --hf-repo <user>/<model>[:quant]       Hugging Face model repository; quant is optional, case-insensitive
[L-t6]                                                     default to Q4_K_M, or falls back to the first file in the repo if Q4_K_M doesn't exist.
[L-t6]                                                     example: ggml-org/GLM-4.7-Flash-GGUF:Q4_K_M
[L-t6]                                                     (default: unused)
[L-t6]   -hff, --hf-file <file>                            Hugging Face model file. If specified, it will override the quant in --hf-repo
[L-t6]                                                     (default: unused)
[L-t6]   -hft, --hf-token <token>                          Hugging Face access token
[L-t6]                                                     (default: value from HF_TOKEN environment variable)
[L-t6]   --offline                                         Offline mode: forces use of cache, prevents network access
[L-t6]                                                     (default: disabled)
[L-t6]   -p, --n-prompt <n>                                (default: 512)
[L-t6]   -n, --n-gen <n>                                   (default: 128)
[L-t6]   -pg <pp,tg>                                       (default: )
[L-t6]   -d, --n-depth <n>                                 (default: 0)
[L-t6]   -b, --batch-size <n>                              (default: 2048)
[L-t6]   -ub, --ubatch-size <n>                            (default: 512)
[L-t6]   -ctk, --cache-type-k <t>                          (default: f16)
[L-t6]   -ctv, --cache-type-v <t>                          (default: f16)
[L-t6]   -t, --threads <n>                                 (default: 6)
[L-t6]   -C, --cpu-mask <hex,hex>                          (default: 0x0)
[L-t6]   --cpu-strict <0|1>                                (default: 0)
[L-t6]   --poll <0...100>                                  (default: 50)
[L-t6]   -ngl, --n-gpu-layers <n>                          (default: -1)
[L-t6]   -ncmoe, --n-cpu-moe <n>                           (default: 0)
[L-t6]   -sm, --split-mode <none|layer|row|tensor>         (default: layer)
[L-t6]   -mg, --main-gpu <i>                               (default: 0)
[L-t6]   -nkvo, --no-kv-offload <0|1>                      (default: 0)
[L-t6]   -fa, --flash-attn <on|off|auto>                   (default: auto)
[L-t6]   -dev, --device <dev0/dev1/...>                    (default: auto)
[L-t6]   -lm, --load-mode <auto|none|mmap|mlock|mmap+mlock|dio> (default: auto)
[L-t6]   --tensor-read-lazy <on|auto|off>                  (default: auto)
[L-t6]   -mmp, --mmap <0|1>                                (DEPRECATED IN FAVOUR OF --load-mode)
[L-t6]   -dio, --direct-io <0|1>                           (DEPRECATED IN FAVOUR OF --load-mode)
[L-t6]   -embd, --embeddings <0|1>                         (default: 0)
[L-t6]   -ts, --tensor-split <ts0/ts1/..>                  (default: 0)
[L-t6]   -ot --override-tensor <tensor name pattern>=<buffer type>;...
[L-t6]                                                     (default: disabled)
[L-t6]   -nopo, --no-op-offload <0|1>                      (default: 0)
[L-t6]   --no-host <0|1>                                   (default: 0)
[L-t6] 
[L-t6] Multiple values can be given for each parameter by separating them with ','
[L-t6] or by specifying the parameter multiple times. Ranges can be given as
[L-t6] 'first-last' or 'first-last+step' or 'first-last*mult'.
[L-t6] WARNING: radv is not a conformant Vulkan implementation, testing use only.
[L-t6] ggml_vulkan: Found 1 Vulkan devices:
[L-t6] ggml_vulkan: 0 = AMD Radeon RX 9060 XT (RADV GFX1200) (radv) | uma: 0 | fp16: dot2 | bf16: 1 | fp4: 0 | warp size: 64 | shared memory: 65536 | int dot: 1 | matrix cores: KHR_coopmat
[L-t6] error: invalid range format
[L-t6] error: invalid parameter for argument: -ngl
[L-t6] usage: bench [options]
[L-t6] 
[L-t6] options:
[L-t6]   -h, --help
[L-t6]   --numa <distribute|isolate|numactl>         numa mode (default: disabled)
[L-t6]   -r, --repetitions <n>                       number of times to repeat each test (default: 5)
[L-t6]   --prio <-1|0|1|2|3>                         process/thread priority (default: 0)
[L-t6]   --delay <0...N> (seconds)                   delay between each test (default: 0)
[L-t6]   -o, --output <csv|json|jsonl|md|sql>        output format printed to stdout (default: md)
[L-t6]   -oe, --output-err <csv|json|jsonl|md|sql>   output format printed to stderr (default: none)
[L-t6]   --list-devices                              list available devices and exit
[L-t6]   -v, --verbose                               verbose output
[L-t6]   --progress                                  print test progress indicators
[L-t6]   --no-warmup                                 skip warmup runs before benchmarking
[L-t6]   -fitt, --fit-target <MiB>                   fit model to device memory with this margin per device in MiB (default: off)
[L-t6]   -fitc, --fit-ctx <n>                        minimum ctx size for --fit-target (default: 4096)
[L-t6] 
[L-t6] test parameters:
[L-t6]   -m, --model <filename>                            (default: models/7B/ggml-model-q4_0.gguf)
[L-t6]   -hf, -hfr, --hf-repo <user>/<model>[:quant]       Hugging Face model repository; quant is optional, case-insensitive
[L-t6]                                                     default to Q4_K_M, or falls back to the first file in the repo if Q4_K_M doesn't exist.
[L-t6]                                                     example: ggml-org/GLM-4.7-Flash-GGUF:Q4_K_M
[L-t6]                                                     (default: unused)
[L-t6]   -hff, --hf-file <file>                            Hugging Face model file. If specified, it will override the quant in --hf-repo
[L-t6]                                                     (default: unused)
[L-t6]   -hft, --hf-token <token>                          Hugging Face access token
[L-t6]                                                     (default: value from HF_TOKEN environment variable)
[L-t6]   --offline                                         Offline mode: forces use of cache, prevents network access
[L-t6]                                                     (default: disabled)
[L-t6]   -p, --n-prompt <n>                                (default: 512)
[L-t6]   -n, --n-gen <n>                                   (default: 128)
[L-t6]   -pg <pp,tg>                                       (default: )
[L-t6]   -d, --n-depth <n>                                 (default: 0)
[L-t6]   -b, --batch-size <n>                              (default: 2048)
[L-t6]   -ub, --ubatch-size <n>                            (default: 512)
[L-t6]   -ctk, --cache-type-k <t>                          (default: f16)
[L-t6]   -ctv, --cache-type-v <t>                          (default: f16)
[L-t6]   -t, --threads <n>                                 (default: 6)
[L-t6]   -C, --cpu-mask <hex,hex>                          (default: 0x0)
[L-t6]   --cpu-strict <0|1>                                (default: 0)
[L-t6]   --poll <0...100>                                  (default: 50)
[L-t6]   -ngl, --n-gpu-layers <n>                          (default: -1)
[L-t6]   -ncmoe, --n-cpu-moe <n>                           (default: 0)
[L-t6]   -sm, --split-mode <none|layer|row|tensor>         (default: layer)
[L-t6]   -mg, --main-gpu <i>                               (default: 0)
[L-t6]   -nkvo, --no-kv-offload <0|1>                      (default: 0)
[L-t6]   -fa, --flash-attn <on|off|auto>                   (default: auto)
[L-t6]   -dev, --device <dev0/dev1/...>                    (default: auto)
[L-t6]   -lm, --load-mode <auto|none|mmap|mlock|mmap+mlock|dio> (default: auto)
[L-t6]   --tensor-read-lazy <on|auto|off>                  (default: auto)
[L-t6]   -mmp, --mmap <0|1>                                (DEPRECATED IN FAVOUR OF --load-mode)
[L-t6]   -dio, --direct-io <0|1>                           (DEPRECATED IN FAVOUR OF --load-mode)
[L-t6]   -embd, --embeddings <0|1>                         (default: 0)
[L-t6]   -ts, --tensor-split <ts0/ts1/..>                  (default: 0)
[L-t6]   -ot --override-tensor <tensor name pattern>=<buffer type>;...
[L-t6]                                                     (default: disabled)
[L-t6]   -nopo, --no-op-offload <0|1>                      (default: 0)
[L-t6]   --no-host <0|1>                                   (default: 0)
[L-t6] 
[L-t6] Multiple values can be given for each parameter by separating them with ','
[L-t6] or by specifying the parameter multiple times. Ranges can be given as
[L-t6] 'first-last' or 'first-last+step' or 'first-last*mult'.
[17:00:56] BENCH L-b2: model=Qwen3.8-27B-GSQ-RCO-IQ3_S.gguf args=-t 12 -b 2048 -ub 1024 -ctk q5_0 -ctv q5_0
[L-b2] WARNING: radv is not a conformant Vulkan implementation, testing use only.
[L-b2] ggml_vulkan: Found 1 Vulkan devices:
[L-b2] ggml_vulkan: 0 = AMD Radeon RX 9060 XT (RADV GFX1200) (radv) | uma: 0 | fp16: dot2 | bf16: 1 | fp4: 0 | warp size: 64 | shared memory: 65536 | int dot: 1 | matrix cores: KHR_coopmat
[L-b2] error: invalid range format
[L-b2] error: invalid parameter for argument: -ngl
[L-b2] usage: bench [options]
[L-b2] 
[L-b2] options:
[L-b2]   -h, --help
[L-b2]   --numa <distribute|isolate|numactl>         numa mode (default: disabled)
[L-b2]   -r, --repetitions <n>                       number of times to repeat each test (default: 5)
[L-b2]   --prio <-1|0|1|2|3>                         process/thread priority (default: 0)
[L-b2]   --delay <0...N> (seconds)                   delay between each test (default: 0)
[L-b2]   -o, --output <csv|json|jsonl|md|sql>        output format printed to stdout (default: md)
[L-b2]   -oe, --output-err <csv|json|jsonl|md|sql>   output format printed to stderr (default: none)
[L-b2]   --list-devices                              list available devices and exit
[L-b2]   -v, --verbose                               verbose output
[L-b2]   --progress                                  print test progress indicators
[L-b2]   --no-warmup                                 skip warmup runs before benchmarking
[L-b2]   -fitt, --fit-target <MiB>                   fit model to device memory with this margin per device in MiB (default: off)
[L-b2]   -fitc, --fit-ctx <n>                        minimum ctx size for --fit-target (default: 4096)
[L-b2] 
[L-b2] test parameters:
[L-b2]   -m, --model <filename>                            (default: models/7B/ggml-model-q4_0.gguf)
[L-b2]   -hf, -hfr, --hf-repo <user>/<model>[:quant]       Hugging Face model repository; quant is optional, case-insensitive
[L-b2]                                                     default to Q4_K_M, or falls back to the first file in the repo if Q4_K_M doesn't exist.
[L-b2]                                                     example: ggml-org/GLM-4.7-Flash-GGUF:Q4_K_M
[L-b2]                                                     (default: unused)
[L-b2]   -hff, --hf-file <file>                            Hugging Face model file. If specified, it will override the quant in --hf-repo
[L-b2]                                                     (default: unused)
[L-b2]   -hft, --hf-token <token>                          Hugging Face access token
[L-b2]                                                     (default: value from HF_TOKEN environment variable)
[L-b2]   --offline                                         Offline mode: forces use of cache, prevents network access
[L-b2]                                                     (default: disabled)
[L-b2]   -p, --n-prompt <n>                                (default: 512)
[L-b2]   -n, --n-gen <n>                                   (default: 128)
[L-b2]   -pg <pp,tg>                                       (default: )
[L-b2]   -d, --n-depth <n>                                 (default: 0)
[L-b2]   -b, --batch-size <n>                              (default: 2048)
[L-b2]   -ub, --ubatch-size <n>                            (default: 512)
[L-b2]   -ctk, --cache-type-k <t>                          (default: f16)
[L-b2]   -ctv, --cache-type-v <t>                          (default: f16)
[L-b2]   -t, --threads <n>                                 (default: 6)
[L-b2]   -C, --cpu-mask <hex,hex>                          (default: 0x0)
[L-b2]   --cpu-strict <0|1>                                (default: 0)
[L-b2]   --poll <0...100>                                  (default: 50)
[L-b2]   -ngl, --n-gpu-layers <n>                          (default: -1)
[L-b2]   -ncmoe, --n-cpu-moe <n>                           (default: 0)
[L-b2]   -sm, --split-mode <none|layer|row|tensor>         (default: layer)
[L-b2]   -mg, --main-gpu <i>                               (default: 0)
[L-b2]   -nkvo, --no-kv-offload <0|1>                      (default: 0)
[L-b2]   -fa, --flash-attn <on|off|auto>                   (default: auto)
[L-b2]   -dev, --device <dev0/dev1/...>                    (default: auto)
[L-b2]   -lm, --load-mode <auto|none|mmap|mlock|mmap+mlock|dio> (default: auto)
[L-b2]   --tensor-read-lazy <on|auto|off>                  (default: auto)
[L-b2]   -mmp, --mmap <0|1>                                (DEPRECATED IN FAVOUR OF --load-mode)
[L-b2]   -dio, --direct-io <0|1>                           (DEPRECATED IN FAVOUR OF --load-mode)
[L-b2]   -embd, --embeddings <0|1>                         (default: 0)
[L-b2]   -ts, --tensor-split <ts0/ts1/..>                  (default: 0)
[L-b2]   -ot --override-tensor <tensor name pattern>=<buffer type>;...
[L-b2]                                                     (default: disabled)
[L-b2]   -nopo, --no-op-offload <0|1>                      (default: 0)
[L-b2]   --no-host <0|1>                                   (default: 0)
[L-b2] 
[L-b2] Multiple values can be given for each parameter by separating them with ','
[L-b2] or by specifying the parameter multiple times. Ranges can be given as
[L-b2] 'first-last' or 'first-last+step' or 'first-last*mult'.
[L-b2] WARNING: radv is not a conformant Vulkan implementation, testing use only.
[L-b2] ggml_vulkan: Found 1 Vulkan devices:
[L-b2] ggml_vulkan: 0 = AMD Radeon RX 9060 XT (RADV GFX1200) (radv) | uma: 0 | fp16: dot2 | bf16: 1 | fp4: 0 | warp size: 64 | shared memory: 65536 | int dot: 1 | matrix cores: KHR_coopmat
[L-b2] error: invalid range format
[L-b2] error: invalid parameter for argument: -ngl
[L-b2] usage: bench [options]
[L-b2] 
[L-b2] options:
[L-b2]   -h, --help
[L-b2]   --numa <distribute|isolate|numactl>         numa mode (default: disabled)
[L-b2]   -r, --repetitions <n>                       number of times to repeat each test (default: 5)
[L-b2]   --prio <-1|0|1|2|3>                         process/thread priority (default: 0)
[L-b2]   --delay <0...N> (seconds)                   delay between each test (default: 0)
[L-b2]   -o, --output <csv|json|jsonl|md|sql>        output format printed to stdout (default: md)
[L-b2]   -oe, --output-err <csv|json|jsonl|md|sql>   output format printed to stderr (default: none)
[L-b2]   --list-devices                              list available devices and exit
[L-b2]   -v, --verbose                               verbose output
[L-b2]   --progress                                  print test progress indicators
[L-b2]   --no-warmup                                 skip warmup runs before benchmarking
[L-b2]   -fitt, --fit-target <MiB>                   fit model to device memory with this margin per device in MiB (default: off)
[L-b2]   -fitc, --fit-ctx <n>                        minimum ctx size for --fit-target (default: 4096)
[L-b2] 
[L-b2] test parameters:
[L-b2]   -m, --model <filename>                            (default: models/7B/ggml-model-q4_0.gguf)
[L-b2]   -hf, -hfr, --hf-repo <user>/<model>[:quant]       Hugging Face model repository; quant is optional, case-insensitive
[L-b2]                                                     default to Q4_K_M, or falls back to the first file in the repo if Q4_K_M doesn't exist.
[L-b2]                                                     example: ggml-org/GLM-4.7-Flash-GGUF:Q4_K_M
[L-b2]                                                     (default: unused)
[L-b2]   -hff, --hf-file <file>                            Hugging Face model file. If specified, it will override the quant in --hf-repo
[L-b2]                                                     (default: unused)
[L-b2]   -hft, --hf-token <token>                          Hugging Face access token
[L-b2]                                                     (default: value from HF_TOKEN environment variable)
[L-b2]   --offline                                         Offline mode: forces use of cache, prevents network access
[L-b2]                                                     (default: disabled)
[L-b2]   -p, --n-prompt <n>                                (default: 512)
[L-b2]   -n, --n-gen <n>                                   (default: 128)
[L-b2]   -pg <pp,tg>                                       (default: )
[L-b2]   -d, --n-depth <n>                                 (default: 0)
[L-b2]   -b, --batch-size <n>                              (default: 2048)
[L-b2]   -ub, --ubatch-size <n>                            (default: 512)
[L-b2]   -ctk, --cache-type-k <t>                          (default: f16)
[L-b2]   -ctv, --cache-type-v <t>                          (default: f16)
[L-b2]   -t, --threads <n>                                 (default: 6)
[L-b2]   -C, --cpu-mask <hex,hex>                          (default: 0x0)
[L-b2]   --cpu-strict <0|1>                                (default: 0)
[L-b2]   --poll <0...100>                                  (default: 50)
[L-b2]   -ngl, --n-gpu-layers <n>                          (default: -1)
[L-b2]   -ncmoe, --n-cpu-moe <n>                           (default: 0)
[L-b2]   -sm, --split-mode <none|layer|row|tensor>         (default: layer)
[L-b2]   -mg, --main-gpu <i>                               (default: 0)
[L-b2]   -nkvo, --no-kv-offload <0|1>                      (default: 0)
[L-b2]   -fa, --flash-attn <on|off|auto>                   (default: auto)
[L-b2]   -dev, --device <dev0/dev1/...>                    (default: auto)
[L-b2]   -lm, --load-mode <auto|none|mmap|mlock|mmap+mlock|dio> (default: auto)
[L-b2]   --tensor-read-lazy <on|auto|off>                  (default: auto)
[L-b2]   -mmp, --mmap <0|1>                                (DEPRECATED IN FAVOUR OF --load-mode)
[L-b2]   -dio, --direct-io <0|1>                           (DEPRECATED IN FAVOUR OF --load-mode)
[L-b2]   -embd, --embeddings <0|1>                         (default: 0)
[L-b2]   -ts, --tensor-split <ts0/ts1/..>                  (default: 0)
[L-b2]   -ot --override-tensor <tensor name pattern>=<buffer type>;...
[L-b2]                                                     (default: disabled)
[L-b2]   -nopo, --no-op-offload <0|1>                      (default: 0)
[L-b2]   --no-host <0|1>                                   (default: 0)
[L-b2] 
[L-b2] Multiple values can be given for each parameter by separating them with ','
[L-b2] or by specifying the parameter multiple times. Ranges can be given as
[L-b2] 'first-last' or 'first-last+step' or 'first-last*mult'.
[L-b2] WARNING: radv is not a conformant Vulkan implementation, testing use only.
[L-b2] ggml_vulkan: Found 1 Vulkan devices:
[L-b2] ggml_vulkan: 0 = AMD Radeon RX 9060 XT (RADV GFX1200) (radv) | uma: 0 | fp16: dot2 | bf16: 1 | fp4: 0 | warp size: 64 | shared memory: 65536 | int dot: 1 | matrix cores: KHR_coopmat
[L-b2] error: invalid range format
[L-b2] error: invalid parameter for argument: -ngl
[L-b2] usage: bench [options]
[L-b2] 
[L-b2] options:
[L-b2]   -h, --help
[L-b2]   --numa <distribute|isolate|numactl>         numa mode (default: disabled)
[L-b2]   -r, --repetitions <n>                       number of times to repeat each test (default: 5)
[L-b2]   --prio <-1|0|1|2|3>                         process/thread priority (default: 0)
[L-b2]   --delay <0...N> (seconds)                   delay between each test (default: 0)
[L-b2]   -o, --output <csv|json|jsonl|md|sql>        output format printed to stdout (default: md)
[L-b2]   -oe, --output-err <csv|json|jsonl|md|sql>   output format printed to stderr (default: none)
[L-b2]   --list-devices                              list available devices and exit
[L-b2]   -v, --verbose                               verbose output
[L-b2]   --progress                                  print test progress indicators
[L-b2]   --no-warmup                                 skip warmup runs before benchmarking
[L-b2]   -fitt, --fit-target <MiB>                   fit model to device memory with this margin per device in MiB (default: off)
[L-b2]   -fitc, --fit-ctx <n>                        minimum ctx size for --fit-target (default: 4096)
[L-b2] 
[L-b2] test parameters:
[L-b2]   -m, --model <filename>                            (default: models/7B/ggml-model-q4_0.gguf)
[L-b2]   -hf, -hfr, --hf-repo <user>/<model>[:quant]       Hugging Face model repository; quant is optional, case-insensitive
[L-b2]                                                     default to Q4_K_M, or falls back to the first file in the repo if Q4_K_M doesn't exist.
[L-b2]                                                     example: ggml-org/GLM-4.7-Flash-GGUF:Q4_K_M
[L-b2]                                                     (default: unused)
[L-b2]   -hff, --hf-file <file>                            Hugging Face model file. If specified, it will override the quant in --hf-repo
[L-b2]                                                     (default: unused)
[L-b2]   -hft, --hf-token <token>                          Hugging Face access token
[L-b2]                                                     (default: value from HF_TOKEN environment variable)
[L-b2]   --offline                                         Offline mode: forces use of cache, prevents network access
[L-b2]                                                     (default: disabled)
[L-b2]   -p, --n-prompt <n>                                (default: 512)
[L-b2]   -n, --n-gen <n>                                   (default: 128)
[L-b2]   -pg <pp,tg>                                       (default: )
[L-b2]   -d, --n-depth <n>                                 (default: 0)
[L-b2]   -b, --batch-size <n>                              (default: 2048)
[L-b2]   -ub, --ubatch-size <n>                            (default: 512)
[L-b2]   -ctk, --cache-type-k <t>                          (default: f16)
[L-b2]   -ctv, --cache-type-v <t>                          (default: f16)
[L-b2]   -t, --threads <n>                                 (default: 6)
[L-b2]   -C, --cpu-mask <hex,hex>                          (default: 0x0)
[L-b2]   --cpu-strict <0|1>                                (default: 0)
[L-b2]   --poll <0...100>                                  (default: 50)
[L-b2]   -ngl, --n-gpu-layers <n>                          (default: -1)
[L-b2]   -ncmoe, --n-cpu-moe <n>                           (default: 0)
[L-b2]   -sm, --split-mode <none|layer|row|tensor>         (default: layer)
[L-b2]   -mg, --main-gpu <i>                               (default: 0)
[L-b2]   -nkvo, --no-kv-offload <0|1>                      (default: 0)
[L-b2]   -fa, --flash-attn <on|off|auto>                   (default: auto)
[L-b2]   -dev, --device <dev0/dev1/...>                    (default: auto)
[L-b2]   -lm, --load-mode <auto|none|mmap|mlock|mmap+mlock|dio> (default: auto)
[L-b2]   --tensor-read-lazy <on|auto|off>                  (default: auto)
[L-b2]   -mmp, --mmap <0|1>                                (DEPRECATED IN FAVOUR OF --load-mode)
[L-b2]   -dio, --direct-io <0|1>                           (DEPRECATED IN FAVOUR OF --load-mode)
[L-b2]   -embd, --embeddings <0|1>                         (default: 0)
[L-b2]   -ts, --tensor-split <ts0/ts1/..>                  (default: 0)
[L-b2]   -ot --override-tensor <tensor name pattern>=<buffer type>;...
[L-b2]                                                     (default: disabled)
[L-b2]   -nopo, --no-op-offload <0|1>                      (default: 0)
[L-b2]   --no-host <0|1>                                   (default: 0)
[L-b2] 
[L-b2] Multiple values can be given for each parameter by separating them with ','
[L-b2] or by specifying the parameter multiple times. Ranges can be given as
[L-b2] 'first-last' or 'first-last+step' or 'first-last*mult'.
[L-b2] WARNING: radv is not a conformant Vulkan implementation, testing use only.
[L-b2] ggml_vulkan: Found 1 Vulkan devices:
[L-b2] ggml_vulkan: 0 = AMD Radeon RX 9060 XT (RADV GFX1200) (radv) | uma: 0 | fp16: dot2 | bf16: 1 | fp4: 0 | warp size: 64 | shared memory: 65536 | int dot: 1 | matrix cores: KHR_coopmat
[L-b2] error: invalid range format
[L-b2] error: invalid parameter for argument: -ngl
[L-b2] usage: bench [options]
[L-b2] 
[L-b2] options:
[L-b2]   -h, --help
[L-b2]   --numa <distribute|isolate|numactl>         numa mode (default: disabled)
[L-b2]   -r, --repetitions <n>                       number of times to repeat each test (default: 5)
[L-b2]   --prio <-1|0|1|2|3>                         process/thread priority (default: 0)
[L-b2]   --delay <0...N> (seconds)                   delay between each test (default: 0)
[L-b2]   -o, --output <csv|json|jsonl|md|sql>        output format printed to stdout (default: md)
[L-b2]   -oe, --output-err <csv|json|jsonl|md|sql>   output format printed to stderr (default: none)
[L-b2]   --list-devices                              list available devices and exit
[L-b2]   -v, --verbose                               verbose output
[L-b2]   --progress                                  print test progress indicators
[L-b2]   --no-warmup                                 skip warmup runs before benchmarking
[L-b2]   -fitt, --fit-target <MiB>                   fit model to device memory with this margin per device in MiB (default: off)
[L-b2]   -fitc, --fit-ctx <n>                        minimum ctx size for --fit-target (default: 4096)
[L-b2] 
[L-b2] test parameters:
[L-b2]   -m, --model <filename>                            (default: models/7B/ggml-model-q4_0.gguf)
[L-b2]   -hf, -hfr, --hf-repo <user>/<model>[:quant]       Hugging Face model repository; quant is optional, case-insensitive
[L-b2]                                                     default to Q4_K_M, or falls back to the first file in the repo if Q4_K_M doesn't exist.
[L-b2]                                                     example: ggml-org/GLM-4.7-Flash-GGUF:Q4_K_M
[L-b2]                                                     (default: unused)
[L-b2]   -hff, --hf-file <file>                            Hugging Face model file. If specified, it will override the quant in --hf-repo
[L-b2]                                                     (default: unused)
[L-b2]   -hft, --hf-token <token>                          Hugging Face access token
[L-b2]                                                     (default: value from HF_TOKEN environment variable)
[L-b2]   --offline                                         Offline mode: forces use of cache, prevents network access
[L-b2]                                                     (default: disabled)
[L-b2]   -p, --n-prompt <n>                                (default: 512)
[L-b2]   -n, --n-gen <n>                                   (default: 128)
[L-b2]   -pg <pp,tg>                                       (default: )
[L-b2]   -d, --n-depth <n>                                 (default: 0)
[L-b2]   -b, --batch-size <n>                              (default: 2048)
[L-b2]   -ub, --ubatch-size <n>                            (default: 512)
[L-b2]   -ctk, --cache-type-k <t>                          (default: f16)
[L-b2]   -ctv, --cache-type-v <t>                          (default: f16)
[L-b2]   -t, --threads <n>                                 (default: 6)
[L-b2]   -C, --cpu-mask <hex,hex>                          (default: 0x0)
[L-b2]   --cpu-strict <0|1>                                (default: 0)
[L-b2]   --poll <0...100>                                  (default: 50)
[L-b2]   -ngl, --n-gpu-layers <n>                          (default: -1)
[L-b2]   -ncmoe, --n-cpu-moe <n>                           (default: 0)
[L-b2]   -sm, --split-mode <none|layer|row|tensor>         (default: layer)
[L-b2]   -mg, --main-gpu <i>                               (default: 0)
[L-b2]   -nkvo, --no-kv-offload <0|1>                      (default: 0)
[L-b2]   -fa, --flash-attn <on|off|auto>                   (default: auto)
[L-b2]   -dev, --device <dev0/dev1/...>                    (default: auto)
[L-b2]   -lm, --load-mode <auto|none|mmap|mlock|mmap+mlock|dio> (default: auto)
[L-b2]   --tensor-read-lazy <on|auto|off>                  (default: auto)
[L-b2]   -mmp, --mmap <0|1>                                (DEPRECATED IN FAVOUR OF --load-mode)
[L-b2]   -dio, --direct-io <0|1>                           (DEPRECATED IN FAVOUR OF --load-mode)
[L-b2]   -embd, --embeddings <0|1>                         (default: 0)
[L-b2]   -ts, --tensor-split <ts0/ts1/..>                  (default: 0)
[L-b2]   -ot --override-tensor <tensor name pattern>=<buffer type>;...
[L-b2]                                                     (default: disabled)
[L-b2]   -nopo, --no-op-offload <0|1>                      (default: 0)
[L-b2]   --no-host <0|1>                                   (default: 0)
[L-b2] 
[L-b2] Multiple values can be given for each parameter by separating them with ','
[L-b2] or by specifying the parameter multiple times. Ranges can be given as
[L-b2] 'first-last' or 'first-last+step' or 'first-last*mult'.
[17:00:56] BENCH L-b4: model=Qwen3.8-27B-GSQ-RCO-IQ3_S.gguf args=-t 12 -b 4096 -ub 2048 -ctk q5_0 -ctv q5_0
[L-b4] WARNING: radv is not a conformant Vulkan implementation, testing use only.
[L-b4] ggml_vulkan: Found 1 Vulkan devices:
[L-b4] ggml_vulkan: 0 = AMD Radeon RX 9060 XT (RADV GFX1200) (radv) | uma: 0 | fp16: dot2 | bf16: 1 | fp4: 0 | warp size: 64 | shared memory: 65536 | int dot: 1 | matrix cores: KHR_coopmat
[L-b4] error: invalid range format
[L-b4] error: invalid parameter for argument: -ngl
[L-b4] usage: bench [options]
[L-b4] 
[L-b4] options:
[L-b4]   -h, --help
[L-b4]   --numa <distribute|isolate|numactl>         numa mode (default: disabled)
[L-b4]   -r, --repetitions <n>                       number of times to repeat each test (default: 5)
[L-b4]   --prio <-1|0|1|2|3>                         process/thread priority (default: 0)
[L-b4]   --delay <0...N> (seconds)                   delay between each test (default: 0)
[L-b4]   -o, --output <csv|json|jsonl|md|sql>        output format printed to stdout (default: md)
[L-b4]   -oe, --output-err <csv|json|jsonl|md|sql>   output format printed to stderr (default: none)
[L-b4]   --list-devices                              list available devices and exit
[L-b4]   -v, --verbose                               verbose output
[L-b4]   --progress                                  print test progress indicators
[L-b4]   --no-warmup                                 skip warmup runs before benchmarking
[L-b4]   -fitt, --fit-target <MiB>                   fit model to device memory with this margin per device in MiB (default: off)
[L-b4]   -fitc, --fit-ctx <n>                        minimum ctx size for --fit-target (default: 4096)
[L-b4] 
[L-b4] test parameters:
[L-b4]   -m, --model <filename>                            (default: models/7B/ggml-model-q4_0.gguf)
[L-b4]   -hf, -hfr, --hf-repo <user>/<model>[:quant]       Hugging Face model repository; quant is optional, case-insensitive
[L-b4]                                                     default to Q4_K_M, or falls back to the first file in the repo if Q4_K_M doesn't exist.
[L-b4]                                                     example: ggml-org/GLM-4.7-Flash-GGUF:Q4_K_M
[L-b4]                                                     (default: unused)
[L-b4]   -hff, --hf-file <file>                            Hugging Face model file. If specified, it will override the quant in --hf-repo
[L-b4]                                                     (default: unused)
[L-b4]   -hft, --hf-token <token>                          Hugging Face access token
[L-b4]                                                     (default: value from HF_TOKEN environment variable)
[L-b4]   --offline                                         Offline mode: forces use of cache, prevents network access
[L-b4]                                                     (default: disabled)
[L-b4]   -p, --n-prompt <n>                                (default: 512)
[L-b4]   -n, --n-gen <n>                                   (default: 128)
[L-b4]   -pg <pp,tg>                                       (default: )
[L-b4]   -d, --n-depth <n>                                 (default: 0)
[L-b4]   -b, --batch-size <n>                              (default: 2048)
[L-b4]   -ub, --ubatch-size <n>                            (default: 512)
[L-b4]   -ctk, --cache-type-k <t>                          (default: f16)
[L-b4]   -ctv, --cache-type-v <t>                          (default: f16)
[L-b4]   -t, --threads <n>                                 (default: 6)
[L-b4]   -C, --cpu-mask <hex,hex>                          (default: 0x0)
[L-b4]   --cpu-strict <0|1>                                (default: 0)
[L-b4]   --poll <0...100>                                  (default: 50)
[L-b4]   -ngl, --n-gpu-layers <n>                          (default: -1)
[L-b4]   -ncmoe, --n-cpu-moe <n>                           (default: 0)
[L-b4]   -sm, --split-mode <none|layer|row|tensor>         (default: layer)
[L-b4]   -mg, --main-gpu <i>                               (default: 0)
[L-b4]   -nkvo, --no-kv-offload <0|1>                      (default: 0)
[L-b4]   -fa, --flash-attn <on|off|auto>                   (default: auto)
[L-b4]   -dev, --device <dev0/dev1/...>                    (default: auto)
[L-b4]   -lm, --load-mode <auto|none|mmap|mlock|mmap+mlock|dio> (default: auto)
[L-b4]   --tensor-read-lazy <on|auto|off>                  (default: auto)
[L-b4]   -mmp, --mmap <0|1>                                (DEPRECATED IN FAVOUR OF --load-mode)
[L-b4]   -dio, --direct-io <0|1>                           (DEPRECATED IN FAVOUR OF --load-mode)
[L-b4]   -embd, --embeddings <0|1>                         (default: 0)
[L-b4]   -ts, --tensor-split <ts0/ts1/..>                  (default: 0)
[L-b4]   -ot --override-tensor <tensor name pattern>=<buffer type>;...
[L-b4]                                                     (default: disabled)
[L-b4]   -nopo, --no-op-offload <0|1>                      (default: 0)
[L-b4]   --no-host <0|1>                                   (default: 0)
[L-b4] 
[L-b4] Multiple values can be given for each parameter by separating them with ','
[L-b4] or by specifying the parameter multiple times. Ranges can be given as
[L-b4] 'first-last' or 'first-last+step' or 'first-last*mult'.
[L-b4] WARNING: radv is not a conformant Vulkan implementation, testing use only.
[L-b4] ggml_vulkan: Found 1 Vulkan devices:
[L-b4] ggml_vulkan: 0 = AMD Radeon RX 9060 XT (RADV GFX1200) (radv) | uma: 0 | fp16: dot2 | bf16: 1 | fp4: 0 | warp size: 64 | shared memory: 65536 | int dot: 1 | matrix cores: KHR_coopmat
[L-b4] error: invalid range format
[L-b4] error: invalid parameter for argument: -ngl
[L-b4] usage: bench [options]
[L-b4] 
[L-b4] options:
[L-b4]   -h, --help
[L-b4]   --numa <distribute|isolate|numactl>         numa mode (default: disabled)
[L-b4]   -r, --repetitions <n>                       number of times to repeat each test (default: 5)
[L-b4]   --prio <-1|0|1|2|3>                         process/thread priority (default: 0)
[L-b4]   --delay <0...N> (seconds)                   delay between each test (default: 0)
[L-b4]   -o, --output <csv|json|jsonl|md|sql>        output format printed to stdout (default: md)
[L-b4]   -oe, --output-err <csv|json|jsonl|md|sql>   output format printed to stderr (default: none)
[L-b4]   --list-devices                              list available devices and exit
[L-b4]   -v, --verbose                               verbose output
[L-b4]   --progress                                  print test progress indicators
[L-b4]   --no-warmup                                 skip warmup runs before benchmarking
[L-b4]   -fitt, --fit-target <MiB>                   fit model to device memory with this margin per device in MiB (default: off)
[L-b4]   -fitc, --fit-ctx <n>                        minimum ctx size for --fit-target (default: 4096)
[L-b4] 
[L-b4] test parameters:
[L-b4]   -m, --model <filename>                            (default: models/7B/ggml-model-q4_0.gguf)
[L-b4]   -hf, -hfr, --hf-repo <user>/<model>[:quant]       Hugging Face model repository; quant is optional, case-insensitive
[L-b4]                                                     default to Q4_K_M, or falls back to the first file in the repo if Q4_K_M doesn't exist.
[L-b4]                                                     example: ggml-org/GLM-4.7-Flash-GGUF:Q4_K_M
[L-b4]                                                     (default: unused)
[L-b4]   -hff, --hf-file <file>                            Hugging Face model file. If specified, it will override the quant in --hf-repo
[L-b4]                                                     (default: unused)
[L-b4]   -hft, --hf-token <token>                          Hugging Face access token
[L-b4]                                                     (default: value from HF_TOKEN environment variable)
[L-b4]   --offline                                         Offline mode: forces use of cache, prevents network access
[L-b4]                                                     (default: disabled)
[L-b4]   -p, --n-prompt <n>                                (default: 512)
[L-b4]   -n, --n-gen <n>                                   (default: 128)
[L-b4]   -pg <pp,tg>                                       (default: )
[L-b4]   -d, --n-depth <n>                                 (default: 0)
[L-b4]   -b, --batch-size <n>                              (default: 2048)
[L-b4]   -ub, --ubatch-size <n>                            (default: 512)
[L-b4]   -ctk, --cache-type-k <t>                          (default: f16)
[L-b4]   -ctv, --cache-type-v <t>                          (default: f16)
[L-b4]   -t, --threads <n>                                 (default: 6)
[L-b4]   -C, --cpu-mask <hex,hex>                          (default: 0x0)
[L-b4]   --cpu-strict <0|1>                                (default: 0)
[L-b4]   --poll <0...100>                                  (default: 50)
[L-b4]   -ngl, --n-gpu-layers <n>                          (default: -1)
[L-b4]   -ncmoe, --n-cpu-moe <n>                           (default: 0)
[L-b4]   -sm, --split-mode <none|layer|row|tensor>         (default: layer)
[L-b4]   -mg, --main-gpu <i>                               (default: 0)
[L-b4]   -nkvo, --no-kv-offload <0|1>                      (default: 0)
[L-b4]   -fa, --flash-attn <on|off|auto>                   (default: auto)
[L-b4]   -dev, --device <dev0/dev1/...>                    (default: auto)
[L-b4]   -lm, --load-mode <auto|none|mmap|mlock|mmap+mlock|dio> (default: auto)
[L-b4]   --tensor-read-lazy <on|auto|off>                  (default: auto)
[L-b4]   -mmp, --mmap <0|1>                                (DEPRECATED IN FAVOUR OF --load-mode)
[L-b4]   -dio, --direct-io <0|1>                           (DEPRECATED IN FAVOUR OF --load-mode)
[L-b4]   -embd, --embeddings <0|1>                         (default: 0)
[L-b4]   -ts, --tensor-split <ts0/ts1/..>                  (default: 0)
[L-b4]   -ot --override-tensor <tensor name pattern>=<buffer type>;...
[L-b4]                                                     (default: disabled)
[L-b4]   -nopo, --no-op-offload <0|1>                      (default: 0)
[L-b4]   --no-host <0|1>                                   (default: 0)
[L-b4] 
[L-b4] Multiple values can be given for each parameter by separating them with ','
[L-b4] or by specifying the parameter multiple times. Ranges can be given as
[L-b4] 'first-last' or 'first-last+step' or 'first-last*mult'.
[L-b4] WARNING: radv is not a conformant Vulkan implementation, testing use only.
[L-b4] ggml_vulkan: Found 1 Vulkan devices:
[L-b4] ggml_vulkan: 0 = AMD Radeon RX 9060 XT (RADV GFX1200) (radv) | uma: 0 | fp16: dot2 | bf16: 1 | fp4: 0 | warp size: 64 | shared memory: 65536 | int dot: 1 | matrix cores: KHR_coopmat
[L-b4] error: invalid range format
[L-b4] error: invalid parameter for argument: -ngl
[L-b4] usage: bench [options]
[L-b4] 
[L-b4] options:
[L-b4]   -h, --help
[L-b4]   --numa <distribute|isolate|numactl>         numa mode (default: disabled)
[L-b4]   -r, --repetitions <n>                       number of times to repeat each test (default: 5)
[L-b4]   --prio <-1|0|1|2|3>                         process/thread priority (default: 0)
[L-b4]   --delay <0...N> (seconds)                   delay between each test (default: 0)
[L-b4]   -o, --output <csv|json|jsonl|md|sql>        output format printed to stdout (default: md)
[L-b4]   -oe, --output-err <csv|json|jsonl|md|sql>   output format printed to stderr (default: none)
[L-b4]   --list-devices                              list available devices and exit
[L-b4]   -v, --verbose                               verbose output
[L-b4]   --progress                                  print test progress indicators
[L-b4]   --no-warmup                                 skip warmup runs before benchmarking
[L-b4]   -fitt, --fit-target <MiB>                   fit model to device memory with this margin per device in MiB (default: off)
[L-b4]   -fitc, --fit-ctx <n>                        minimum ctx size for --fit-target (default: 4096)
[L-b4] 
[L-b4] test parameters:
[L-b4]   -m, --model <filename>                            (default: models/7B/ggml-model-q4_0.gguf)
[L-b4]   -hf, -hfr, --hf-repo <user>/<model>[:quant]       Hugging Face model repository; quant is optional, case-insensitive
[L-b4]                                                     default to Q4_K_M, or falls back to the first file in the repo if Q4_K_M doesn't exist.
[L-b4]                                                     example: ggml-org/GLM-4.7-Flash-GGUF:Q4_K_M
[L-b4]                                                     (default: unused)
[L-b4]   -hff, --hf-file <file>                            Hugging Face model file. If specified, it will override the quant in --hf-repo
[L-b4]                                                     (default: unused)
[L-b4]   -hft, --hf-token <token>                          Hugging Face access token
[L-b4]                                                     (default: value from HF_TOKEN environment variable)
[L-b4]   --offline                                         Offline mode: forces use of cache, prevents network access
[L-b4]                                                     (default: disabled)
[L-b4]   -p, --n-prompt <n>                                (default: 512)
[L-b4]   -n, --n-gen <n>                                   (default: 128)
[L-b4]   -pg <pp,tg>                                       (default: )
[L-b4]   -d, --n-depth <n>                                 (default: 0)
[L-b4]   -b, --batch-size <n>                              (default: 2048)
[L-b4]   -ub, --ubatch-size <n>                            (default: 512)
[L-b4]   -ctk, --cache-type-k <t>                          (default: f16)
[L-b4]   -ctv, --cache-type-v <t>                          (default: f16)
[L-b4]   -t, --threads <n>                                 (default: 6)
[L-b4]   -C, --cpu-mask <hex,hex>                          (default: 0x0)
[L-b4]   --cpu-strict <0|1>                                (default: 0)
[L-b4]   --poll <0...100>                                  (default: 50)
[L-b4]   -ngl, --n-gpu-layers <n>                          (default: -1)
[L-b4]   -ncmoe, --n-cpu-moe <n>                           (default: 0)
[L-b4]   -sm, --split-mode <none|layer|row|tensor>         (default: layer)
[L-b4]   -mg, --main-gpu <i>                               (default: 0)
[L-b4]   -nkvo, --no-kv-offload <0|1>                      (default: 0)
[L-b4]   -fa, --flash-attn <on|off|auto>                   (default: auto)
[L-b4]   -dev, --device <dev0/dev1/...>                    (default: auto)
[L-b4]   -lm, --load-mode <auto|none|mmap|mlock|mmap+mlock|dio> (default: auto)
[L-b4]   --tensor-read-lazy <on|auto|off>                  (default: auto)
[L-b4]   -mmp, --mmap <0|1>                                (DEPRECATED IN FAVOUR OF --load-mode)
[L-b4]   -dio, --direct-io <0|1>                           (DEPRECATED IN FAVOUR OF --load-mode)
[L-b4]   -embd, --embeddings <0|1>                         (default: 0)
[L-b4]   -ts, --tensor-split <ts0/ts1/..>                  (default: 0)
[L-b4]   -ot --override-tensor <tensor name pattern>=<buffer type>;...
[L-b4]                                                     (default: disabled)
[L-b4]   -nopo, --no-op-offload <0|1>                      (default: 0)
[L-b4]   --no-host <0|1>                                   (default: 0)
[L-b4] 
[L-b4] Multiple values can be given for each parameter by separating them with ','
[L-b4] or by specifying the parameter multiple times. Ranges can be given as
[L-b4] 'first-last' or 'first-last+step' or 'first-last*mult'.
[L-b4] WARNING: radv is not a conformant Vulkan implementation, testing use only.
[L-b4] ggml_vulkan: Found 1 Vulkan devices:
[L-b4] ggml_vulkan: 0 = AMD Radeon RX 9060 XT (RADV GFX1200) (radv) | uma: 0 | fp16: dot2 | bf16: 1 | fp4: 0 | warp size: 64 | shared memory: 65536 | int dot: 1 | matrix cores: KHR_coopmat
[L-b4] error: invalid range format
[L-b4] error: invalid parameter for argument: -ngl
[L-b4] usage: bench [options]
[L-b4] 
[L-b4] options:
[L-b4]   -h, --help
[L-b4]   --numa <distribute|isolate|numactl>         numa mode (default: disabled)
[L-b4]   -r, --repetitions <n>                       number of times to repeat each test (default: 5)
[L-b4]   --prio <-1|0|1|2|3>                         process/thread priority (default: 0)
[L-b4]   --delay <0...N> (seconds)                   delay between each test (default: 0)
[L-b4]   -o, --output <csv|json|jsonl|md|sql>        output format printed to stdout (default: md)
[L-b4]   -oe, --output-err <csv|json|jsonl|md|sql>   output format printed to stderr (default: none)
[L-b4]   --list-devices                              list available devices and exit
[L-b4]   -v, --verbose                               verbose output
[L-b4]   --progress                                  print test progress indicators
[L-b4]   --no-warmup                                 skip warmup runs before benchmarking
[L-b4]   -fitt, --fit-target <MiB>                   fit model to device memory with this margin per device in MiB (default: off)
[L-b4]   -fitc, --fit-ctx <n>                        minimum ctx size for --fit-target (default: 4096)
[L-b4] 
[L-b4] test parameters:
[L-b4]   -m, --model <filename>                            (default: models/7B/ggml-model-q4_0.gguf)
[L-b4]   -hf, -hfr, --hf-repo <user>/<model>[:quant]       Hugging Face model repository; quant is optional, case-insensitive
[L-b4]                                                     default to Q4_K_M, or falls back to the first file in the repo if Q4_K_M doesn't exist.
[L-b4]                                                     example: ggml-org/GLM-4.7-Flash-GGUF:Q4_K_M
[L-b4]                                                     (default: unused)
[L-b4]   -hff, --hf-file <file>                            Hugging Face model file. If specified, it will override the quant in --hf-repo
[L-b4]                                                     (default: unused)
[L-b4]   -hft, --hf-token <token>                          Hugging Face access token
[L-b4]                                                     (default: value from HF_TOKEN environment variable)
[L-b4]   --offline                                         Offline mode: forces use of cache, prevents network access
[L-b4]                                                     (default: disabled)
[L-b4]   -p, --n-prompt <n>                                (default: 512)
[L-b4]   -n, --n-gen <n>                                   (default: 128)
[L-b4]   -pg <pp,tg>                                       (default: )
[L-b4]   -d, --n-depth <n>                                 (default: 0)
[L-b4]   -b, --batch-size <n>                              (default: 2048)
[L-b4]   -ub, --ubatch-size <n>                            (default: 512)
[L-b4]   -ctk, --cache-type-k <t>                          (default: f16)
[L-b4]   -ctv, --cache-type-v <t>                          (default: f16)
[L-b4]   -t, --threads <n>                                 (default: 6)
[L-b4]   -C, --cpu-mask <hex,hex>                          (default: 0x0)
[L-b4]   --cpu-strict <0|1>                                (default: 0)
[L-b4]   --poll <0...100>                                  (default: 50)
[L-b4]   -ngl, --n-gpu-layers <n>                          (default: -1)
[L-b4]   -ncmoe, --n-cpu-moe <n>                           (default: 0)
[L-b4]   -sm, --split-mode <none|layer|row|tensor>         (default: layer)
[L-b4]   -mg, --main-gpu <i>                               (default: 0)
[L-b4]   -nkvo, --no-kv-offload <0|1>                      (default: 0)
[L-b4]   -fa, --flash-attn <on|off|auto>                   (default: auto)
[L-b4]   -dev, --device <dev0/dev1/...>                    (default: auto)
[L-b4]   -lm, --load-mode <auto|none|mmap|mlock|mmap+mlock|dio> (default: auto)
[L-b4]   --tensor-read-lazy <on|auto|off>                  (default: auto)
[L-b4]   -mmp, --mmap <0|1>                                (DEPRECATED IN FAVOUR OF --load-mode)
[L-b4]   -dio, --direct-io <0|1>                           (DEPRECATED IN FAVOUR OF --load-mode)
[L-b4]   -embd, --embeddings <0|1>                         (default: 0)
[L-b4]   -ts, --tensor-split <ts0/ts1/..>                  (default: 0)
[L-b4]   -ot --override-tensor <tensor name pattern>=<buffer type>;...
[L-b4]                                                     (default: disabled)
[L-b4]   -nopo, --no-op-offload <0|1>                      (default: 0)
[L-b4]   --no-host <0|1>                                   (default: 0)
[L-b4] 
[L-b4] Multiple values can be given for each parameter by separating them with ','
[L-b4] or by specifying the parameter multiple times. Ranges can be given as
[L-b4] 'first-last' or 'first-last+step' or 'first-last*mult'.
[17:00:56] BENCH L-b8: model=Qwen3.8-27B-GSQ-RCO-IQ3_S.gguf args=-t 12 -b 8192 -ub 4096 -ctk q5_0 -ctv q5_0
[L-b8] WARNING: radv is not a conformant Vulkan implementation, testing use only.
[L-b8] ggml_vulkan: Found 1 Vulkan devices:
[L-b8] ggml_vulkan: 0 = AMD Radeon RX 9060 XT (RADV GFX1200) (radv) | uma: 0 | fp16: dot2 | bf16: 1 | fp4: 0 | warp size: 64 | shared memory: 65536 | int dot: 1 | matrix cores: KHR_coopmat
[L-b8] error: invalid range format
[L-b8] error: invalid parameter for argument: -ngl
[L-b8] usage: bench [options]
[L-b8] 
[L-b8] options:
[L-b8]   -h, --help
[L-b8]   --numa <distribute|isolate|numactl>         numa mode (default: disabled)
[L-b8]   -r, --repetitions <n>                       number of times to repeat each test (default: 5)
[L-b8]   --prio <-1|0|1|2|3>                         process/thread priority (default: 0)
[L-b8]   --delay <0...N> (seconds)                   delay between each test (default: 0)
[L-b8]   -o, --output <csv|json|jsonl|md|sql>        output format printed to stdout (default: md)
[L-b8]   -oe, --output-err <csv|json|jsonl|md|sql>   output format printed to stderr (default: none)
[L-b8]   --list-devices                              list available devices and exit
[L-b8]   -v, --verbose                               verbose output
[L-b8]   --progress                                  print test progress indicators
[L-b8]   --no-warmup                                 skip warmup runs before benchmarking
[L-b8]   -fitt, --fit-target <MiB>                   fit model to device memory with this margin per device in MiB (default: off)
[L-b8]   -fitc, --fit-ctx <n>                        minimum ctx size for --fit-target (default: 4096)
[L-b8] 
[L-b8] test parameters:
[L-b8]   -m, --model <filename>                            (default: models/7B/ggml-model-q4_0.gguf)
[L-b8]   -hf, -hfr, --hf-repo <user>/<model>[:quant]       Hugging Face model repository; quant is optional, case-insensitive
[L-b8]                                                     default to Q4_K_M, or falls back to the first file in the repo if Q4_K_M doesn't exist.
[L-b8]                                                     example: ggml-org/GLM-4.7-Flash-GGUF:Q4_K_M
[L-b8]                                                     (default: unused)
[L-b8]   -hff, --hf-file <file>                            Hugging Face model file. If specified, it will override the quant in --hf-repo
[L-b8]                                                     (default: unused)
[L-b8]   -hft, --hf-token <token>                          Hugging Face access token
[L-b8]                                                     (default: value from HF_TOKEN environment variable)
[L-b8]   --offline                                         Offline mode: forces use of cache, prevents network access
[L-b8]                                                     (default: disabled)
[L-b8]   -p, --n-prompt <n>                                (default: 512)
[L-b8]   -n, --n-gen <n>                                   (default: 128)
[L-b8]   -pg <pp,tg>                                       (default: )
[L-b8]   -d, --n-depth <n>                                 (default: 0)
[L-b8]   -b, --batch-size <n>                              (default: 2048)
[L-b8]   -ub, --ubatch-size <n>                            (default: 512)
[L-b8]   -ctk, --cache-type-k <t>                          (default: f16)
[L-b8]   -ctv, --cache-type-v <t>                          (default: f16)
[L-b8]   -t, --threads <n>                                 (default: 6)
[L-b8]   -C, --cpu-mask <hex,hex>                          (default: 0x0)
[L-b8]   --cpu-strict <0|1>                                (default: 0)
[L-b8]   --poll <0...100>                                  (default: 50)
[L-b8]   -ngl, --n-gpu-layers <n>                          (default: -1)
[L-b8]   -ncmoe, --n-cpu-moe <n>                           (default: 0)
[L-b8]   -sm, --split-mode <none|layer|row|tensor>         (default: layer)
[L-b8]   -mg, --main-gpu <i>                               (default: 0)
[L-b8]   -nkvo, --no-kv-offload <0|1>                      (default: 0)
[L-b8]   -fa, --flash-attn <on|off|auto>                   (default: auto)
[L-b8]   -dev, --device <dev0/dev1/...>                    (default: auto)
[L-b8]   -lm, --load-mode <auto|none|mmap|mlock|mmap+mlock|dio> (default: auto)
[L-b8]   --tensor-read-lazy <on|auto|off>                  (default: auto)
[L-b8]   -mmp, --mmap <0|1>                                (DEPRECATED IN FAVOUR OF --load-mode)
[L-b8]   -dio, --direct-io <0|1>                           (DEPRECATED IN FAVOUR OF --load-mode)
[L-b8]   -embd, --embeddings <0|1>                         (default: 0)
[L-b8]   -ts, --tensor-split <ts0/ts1/..>                  (default: 0)
[L-b8]   -ot --override-tensor <tensor name pattern>=<buffer type>;...
[L-b8]                                                     (default: disabled)
[L-b8]   -nopo, --no-op-offload <0|1>                      (default: 0)
[L-b8]   --no-host <0|1>                                   (default: 0)
[L-b8] 
[L-b8] Multiple values can be given for each parameter by separating them with ','
[L-b8] or by specifying the parameter multiple times. Ranges can be given as
[L-b8] 'first-last' or 'first-last+step' or 'first-last*mult'.
[L-b8] WARNING: radv is not a conformant Vulkan implementation, testing use only.
[L-b8] ggml_vulkan: Found 1 Vulkan devices:
[L-b8] ggml_vulkan: 0 = AMD Radeon RX 9060 XT (RADV GFX1200) (radv) | uma: 0 | fp16: dot2 | bf16: 1 | fp4: 0 | warp size: 64 | shared memory: 65536 | int dot: 1 | matrix cores: KHR_coopmat
[L-b8] error: invalid range format
[L-b8] error: invalid parameter for argument: -ngl
[L-b8] usage: bench [options]
[L-b8] 
[L-b8] options:
[L-b8]   -h, --help
[L-b8]   --numa <distribute|isolate|numactl>         numa mode (default: disabled)
[L-b8]   -r, --repetitions <n>                       number of times to repeat each test (default: 5)
[L-b8]   --prio <-1|0|1|2|3>                         process/thread priority (default: 0)
[L-b8]   --delay <0...N> (seconds)                   delay between each test (default: 0)
[L-b8]   -o, --output <csv|json|jsonl|md|sql>        output format printed to stdout (default: md)
[L-b8]   -oe, --output-err <csv|json|jsonl|md|sql>   output format printed to stderr (default: none)
[L-b8]   --list-devices                              list available devices and exit
[L-b8]   -v, --verbose                               verbose output
[L-b8]   --progress                                  print test progress indicators
[L-b8]   --no-warmup                                 skip warmup runs before benchmarking
[L-b8]   -fitt, --fit-target <MiB>                   fit model to device memory with this margin per device in MiB (default: off)
[L-b8]   -fitc, --fit-ctx <n>                        minimum ctx size for --fit-target (default: 4096)
[L-b8] 
[L-b8] test parameters:
[L-b8]   -m, --model <filename>                            (default: models/7B/ggml-model-q4_0.gguf)
[L-b8]   -hf, -hfr, --hf-repo <user>/<model>[:quant]       Hugging Face model repository; quant is optional, case-insensitive
[L-b8]                                                     default to Q4_K_M, or falls back to the first file in the repo if Q4_K_M doesn't exist.
[L-b8]                                                     example: ggml-org/GLM-4.7-Flash-GGUF:Q4_K_M
[L-b8]                                                     (default: unused)
[L-b8]   -hff, --hf-file <file>                            Hugging Face model file. If specified, it will override the quant in --hf-repo
[L-b8]                                                     (default: unused)
[L-b8]   -hft, --hf-token <token>                          Hugging Face access token
[L-b8]                                                     (default: value from HF_TOKEN environment variable)
[L-b8]   --offline                                         Offline mode: forces use of cache, prevents network access
[L-b8]                                                     (default: disabled)
[L-b8]   -p, --n-prompt <n>                                (default: 512)
[L-b8]   -n, --n-gen <n>                                   (default: 128)
[L-b8]   -pg <pp,tg>                                       (default: )
[L-b8]   -d, --n-depth <n>                                 (default: 0)
[L-b8]   -b, --batch-size <n>                              (default: 2048)
[L-b8]   -ub, --ubatch-size <n>                            (default: 512)
[L-b8]   -ctk, --cache-type-k <t>                          (default: f16)
[L-b8]   -ctv, --cache-type-v <t>                          (default: f16)
[L-b8]   -t, --threads <n>                                 (default: 6)
[L-b8]   -C, --cpu-mask <hex,hex>                          (default: 0x0)
[L-b8]   --cpu-strict <0|1>                                (default: 0)
[L-b8]   --poll <0...100>                                  (default: 50)
[L-b8]   -ngl, --n-gpu-layers <n>                          (default: -1)
[L-b8]   -ncmoe, --n-cpu-moe <n>                           (default: 0)
[L-b8]   -sm, --split-mode <none|layer|row|tensor>         (default: layer)
[L-b8]   -mg, --main-gpu <i>                               (default: 0)
[L-b8]   -nkvo, --no-kv-offload <0|1>                      (default: 0)
[L-b8]   -fa, --flash-attn <on|off|auto>                   (default: auto)
[L-b8]   -dev, --device <dev0/dev1/...>                    (default: auto)
[L-b8]   -lm, --load-mode <auto|none|mmap|mlock|mmap+mlock|dio> (default: auto)
[L-b8]   --tensor-read-lazy <on|auto|off>                  (default: auto)
[L-b8]   -mmp, --mmap <0|1>                                (DEPRECATED IN FAVOUR OF --load-mode)
[L-b8]   -dio, --direct-io <0|1>                           (DEPRECATED IN FAVOUR OF --load-mode)
[L-b8]   -embd, --embeddings <0|1>                         (default: 0)
[L-b8]   -ts, --tensor-split <ts0/ts1/..>                  (default: 0)
[L-b8]   -ot --override-tensor <tensor name pattern>=<buffer type>;...
[L-b8]                                                     (default: disabled)
[L-b8]   -nopo, --no-op-offload <0|1>                      (default: 0)
[L-b8]   --no-host <0|1>                                   (default: 0)
[L-b8] 
[L-b8] Multiple values can be given for each parameter by separating them with ','
[L-b8] or by specifying the parameter multiple times. Ranges can be given as
[L-b8] 'first-last' or 'first-last+step' or 'first-last*mult'.
[L-b8] WARNING: radv is not a conformant Vulkan implementation, testing use only.
[L-b8] ggml_vulkan: Found 1 Vulkan devices:
[L-b8] ggml_vulkan: 0 = AMD Radeon RX 9060 XT (RADV GFX1200) (radv) | uma: 0 | fp16: dot2 | bf16: 1 | fp4: 0 | warp size: 64 | shared memory: 65536 | int dot: 1 | matrix cores: KHR_coopmat
[L-b8] error: invalid range format
[L-b8] error: invalid parameter for argument: -ngl
[L-b8] usage: bench [options]
[L-b8] 
[L-b8] options:
[L-b8]   -h, --help
[L-b8]   --numa <distribute|isolate|numactl>         numa mode (default: disabled)
[L-b8]   -r, --repetitions <n>                       number of times to repeat each test (default: 5)
[L-b8]   --prio <-1|0|1|2|3>                         process/thread priority (default: 0)
[L-b8]   --delay <0...N> (seconds)                   delay between each test (default: 0)
[L-b8]   -o, --output <csv|json|jsonl|md|sql>        output format printed to stdout (default: md)
[L-b8]   -oe, --output-err <csv|json|jsonl|md|sql>   output format printed to stderr (default: none)
[L-b8]   --list-devices                              list available devices and exit
[L-b8]   -v, --verbose                               verbose output
[L-b8]   --progress                                  print test progress indicators
[L-b8]   --no-warmup                                 skip warmup runs before benchmarking
[L-b8]   -fitt, --fit-target <MiB>                   fit model to device memory with this margin per device in MiB (default: off)
[L-b8]   -fitc, --fit-ctx <n>                        minimum ctx size for --fit-target (default: 4096)
[L-b8] 
[L-b8] test parameters:
[L-b8]   -m, --model <filename>                            (default: models/7B/ggml-model-q4_0.gguf)
[L-b8]   -hf, -hfr, --hf-repo <user>/<model>[:quant]       Hugging Face model repository; quant is optional, case-insensitive
[L-b8]                                                     default to Q4_K_M, or falls back to the first file in the repo if Q4_K_M doesn't exist.
[L-b8]                                                     example: ggml-org/GLM-4.7-Flash-GGUF:Q4_K_M
[L-b8]                                                     (default: unused)
[L-b8]   -hff, --hf-file <file>                            Hugging Face model file. If specified, it will override the quant in --hf-repo
[L-b8]                                                     (default: unused)
[L-b8]   -hft, --hf-token <token>                          Hugging Face access token
[L-b8]                                                     (default: value from HF_TOKEN environment variable)
[L-b8]   --offline                                         Offline mode: forces use of cache, prevents network access
[L-b8]                                                     (default: disabled)
[L-b8]   -p, --n-prompt <n>                                (default: 512)
[L-b8]   -n, --n-gen <n>                                   (default: 128)
[L-b8]   -pg <pp,tg>                                       (default: )
[L-b8]   -d, --n-depth <n>                                 (default: 0)
[L-b8]   -b, --batch-size <n>                              (default: 2048)
[L-b8]   -ub, --ubatch-size <n>                            (default: 512)
[L-b8]   -ctk, --cache-type-k <t>                          (default: f16)
[L-b8]   -ctv, --cache-type-v <t>                          (default: f16)
[L-b8]   -t, --threads <n>                                 (default: 6)
[L-b8]   -C, --cpu-mask <hex,hex>                          (default: 0x0)
[L-b8]   --cpu-strict <0|1>                                (default: 0)
[L-b8]   --poll <0...100>                                  (default: 50)
[L-b8]   -ngl, --n-gpu-layers <n>                          (default: -1)
[L-b8]   -ncmoe, --n-cpu-moe <n>                           (default: 0)
[L-b8]   -sm, --split-mode <none|layer|row|tensor>         (default: layer)
[L-b8]   -mg, --main-gpu <i>                               (default: 0)
[L-b8]   -nkvo, --no-kv-offload <0|1>                      (default: 0)
[L-b8]   -fa, --flash-attn <on|off|auto>                   (default: auto)
[L-b8]   -dev, --device <dev0/dev1/...>                    (default: auto)
[L-b8]   -lm, --load-mode <auto|none|mmap|mlock|mmap+mlock|dio> (default: auto)
[L-b8]   --tensor-read-lazy <on|auto|off>                  (default: auto)
[L-b8]   -mmp, --mmap <0|1>                                (DEPRECATED IN FAVOUR OF --load-mode)
[L-b8]   -dio, --direct-io <0|1>                           (DEPRECATED IN FAVOUR OF --load-mode)
[L-b8]   -embd, --embeddings <0|1>                         (default: 0)
[L-b8]   -ts, --tensor-split <ts0/ts1/..>                  (default: 0)
[L-b8]   -ot --override-tensor <tensor name pattern>=<buffer type>;...
[L-b8]                                                     (default: disabled)
[L-b8]   -nopo, --no-op-offload <0|1>                      (default: 0)
[L-b8]   --no-host <0|1>                                   (default: 0)
[L-b8] 
[L-b8] Multiple values can be given for each parameter by separating them with ','
[L-b8] or by specifying the parameter multiple times. Ranges can be given as
[L-b8] 'first-last' or 'first-last+step' or 'first-last*mult'.
[L-b8] WARNING: radv is not a conformant Vulkan implementation, testing use only.
[L-b8] ggml_vulkan: Found 1 Vulkan devices:
[L-b8] ggml_vulkan: 0 = AMD Radeon RX 9060 XT (RADV GFX1200) (radv) | uma: 0 | fp16: dot2 | bf16: 1 | fp4: 0 | warp size: 64 | shared memory: 65536 | int dot: 1 | matrix cores: KHR_coopmat
[L-b8] error: invalid range format
[L-b8] error: invalid parameter for argument: -ngl
[L-b8] usage: bench [options]
[L-b8] 
[L-b8] options:
[L-b8]   -h, --help
[L-b8]   --numa <distribute|isolate|numactl>         numa mode (default: disabled)
[L-b8]   -r, --repetitions <n>                       number of times to repeat each test (default: 5)
[L-b8]   --prio <-1|0|1|2|3>                         process/thread priority (default: 0)
[L-b8]   --delay <0...N> (seconds)                   delay between each test (default: 0)
[L-b8]   -o, --output <csv|json|jsonl|md|sql>        output format printed to stdout (default: md)
[L-b8]   -oe, --output-err <csv|json|jsonl|md|sql>   output format printed to stderr (default: none)
[L-b8]   --list-devices                              list available devices and exit
[L-b8]   -v, --verbose                               verbose output
[L-b8]   --progress                                  print test progress indicators
[L-b8]   --no-warmup                                 skip warmup runs before benchmarking
[L-b8]   -fitt, --fit-target <MiB>                   fit model to device memory with this margin per device in MiB (default: off)
[L-b8]   -fitc, --fit-ctx <n>                        minimum ctx size for --fit-target (default: 4096)
[L-b8] 
[L-b8] test parameters:
[L-b8]   -m, --model <filename>                            (default: models/7B/ggml-model-q4_0.gguf)
[L-b8]   -hf, -hfr, --hf-repo <user>/<model>[:quant]       Hugging Face model repository; quant is optional, case-insensitive
[L-b8]                                                     default to Q4_K_M, or falls back to the first file in the repo if Q4_K_M doesn't exist.
[L-b8]                                                     example: ggml-org/GLM-4.7-Flash-GGUF:Q4_K_M
[L-b8]                                                     (default: unused)
[L-b8]   -hff, --hf-file <file>                            Hugging Face model file. If specified, it will override the quant in --hf-repo
[L-b8]                                                     (default: unused)
[L-b8]   -hft, --hf-token <token>                          Hugging Face access token
[L-b8]                                                     (default: value from HF_TOKEN environment variable)
[L-b8]   --offline                                         Offline mode: forces use of cache, prevents network access
[L-b8]                                                     (default: disabled)
[L-b8]   -p, --n-prompt <n>                                (default: 512)
[L-b8]   -n, --n-gen <n>                                   (default: 128)
[L-b8]   -pg <pp,tg>                                       (default: )
[L-b8]   -d, --n-depth <n>                                 (default: 0)
[L-b8]   -b, --batch-size <n>                              (default: 2048)
[L-b8]   -ub, --ubatch-size <n>                            (default: 512)
[L-b8]   -ctk, --cache-type-k <t>                          (default: f16)
[L-b8]   -ctv, --cache-type-v <t>                          (default: f16)
[L-b8]   -t, --threads <n>                                 (default: 6)
[L-b8]   -C, --cpu-mask <hex,hex>                          (default: 0x0)
[L-b8]   --cpu-strict <0|1>                                (default: 0)
[L-b8]   --poll <0...100>                                  (default: 50)
[L-b8]   -ngl, --n-gpu-layers <n>                          (default: -1)
[L-b8]   -ncmoe, --n-cpu-moe <n>                           (default: 0)
[L-b8]   -sm, --split-mode <none|layer|row|tensor>         (default: layer)
[L-b8]   -mg, --main-gpu <i>                               (default: 0)
[L-b8]   -nkvo, --no-kv-offload <0|1>                      (default: 0)
[L-b8]   -fa, --flash-attn <on|off|auto>                   (default: auto)
[L-b8]   -dev, --device <dev0/dev1/...>                    (default: auto)
[L-b8]   -lm, --load-mode <auto|none|mmap|mlock|mmap+mlock|dio> (default: auto)
[L-b8]   --tensor-read-lazy <on|auto|off>                  (default: auto)
[L-b8]   -mmp, --mmap <0|1>                                (DEPRECATED IN FAVOUR OF --load-mode)
[L-b8]   -dio, --direct-io <0|1>                           (DEPRECATED IN FAVOUR OF --load-mode)
[L-b8]   -embd, --embeddings <0|1>                         (default: 0)
[L-b8]   -ts, --tensor-split <ts0/ts1/..>                  (default: 0)
[L-b8]   -ot --override-tensor <tensor name pattern>=<buffer type>;...
[L-b8]                                                     (default: disabled)
[L-b8]   -nopo, --no-op-offload <0|1>                      (default: 0)
[L-b8]   --no-host <0|1>                                   (default: 0)
[L-b8] 
[L-b8] Multiple values can be given for each parameter by separating them with ','
[L-b8] or by specifying the parameter multiple times. Ranges can be given as
[L-b8] 'first-last' or 'first-last+step' or 'first-last*mult'.
[17:00:56] RESTORE: starting llama-script.sh -a
[17:01:04] port 8080 healthy
[17:01:04] port 8081 healthy
[17:01:04] free: Mem:            15Gi       5.9Gi       533Mi        15Mi       9.3Gi       9.5Gi
[17:01:04] VRAM used: 16075862016
[17:01:04] === WINDOW A DONE Wed  9 Sep 17:01:04 +0530 2026 ===
